<?xml version="1.0" encoding="UTF-8"?>
<window type="dialog" id="1150">
	<zorder>2</zorder>
	<visible>!Window.IsVisible(startup)</visible>
	<controls>
		<include>Weather</include>
		<include>SystemClock</include>
		<include>MuteIcon</include>
		<control type="image"><!-- Global debug grid -->
			<visible>Skin.HasSetting(_DebugGrid)</visible>
			<left>0</left>
			<top>0</top>
			<width>100%</width>
			<height>100%</height>
			<texture>debuggrid1080.png</texture>
		</control>
		<control type="group"><!-- Window/Dialog debug -->
			<visible>Skin.HasSetting(DebugInfo)</visible>
			<control type="grouplist">
				<left>22</left>
				<top>22</top>
				<width>930</width>
				<height>675</height>
				<itemgap>18</itemgap>
				<!-- Custom Window labels -->
				<control type="label">
					<textcolor>red</textcolor>
					<label>CustomDialogOK.xml</label>
					<visible>Window.IsVisible(CustomDialogOK.xml)</visible>
				</control>
				<!-- Window labels -->
				<control type="label">
					<textcolor>red</textcolor>
					<label>AddonBrowser.xml</label>
					<visible>Window.IsVisible(AddonBrowser.xml)</visible>
				</control>
				<control type="label">
					<textcolor>red</textcolor>
					<label>EventLog.xml</label>
					<visible>Window.IsVisible(EventLog.xml)</visible>
				</control>
				<control type="label">
					<textcolor>red</textcolor>
					<label>FileBrowser.xml</label>
					<visible>Window.IsVisible(FileBrowser.xml)</visible>
				</control>
				<control type="label">
					<textcolor>red</textcolor>
					<label>FileManager.xml</label>
					<visible>Window.IsVisible(FileManager.xml)</visible>
				</control>
				<control type="label">
					<textcolor>red</textcolor>
					<label>Home.xml</label>
					<visible>Window.IsVisible(Home.xml)</visible>
				</control>
				<control type="label">
					<textcolor>red</textcolor>
					<label>CustomDVD.xml</label>
					<visible>Window.IsVisible(CustomDVD.xml)</visible>
				</control>
				<control type="label">
					<textcolor>red</textcolor>
					<label>LoginScreen.xml</label>
					<visible>Window.IsVisible(LoginScreen.xml)</visible>
				</control>
				<control type="label">
					<textcolor>red</textcolor>
					<label>MusicVisualisation.xml</label>
					<visible>Window.IsVisible(MusicVisualisation.xml)</visible>
				</control>
				<control type="label">
					<textcolor>red</textcolor>
					<label>MyMusicNav.xml</label>
					<visible>Window.IsVisible(MyMusicNav.xml)</visible>
				</control>
				<control type="label">
					<textcolor>red</textcolor>
					<label>DialogMusicInfo.xml</label>
					<visible>Window.IsVisible(DialogMusicInfo.xml)</visible>
				</control>
				<control type="label">
					<textcolor>red</textcolor>
					<label>MyPlaylist.xml</label>
					<visible>Window.IsVisible(MyPlaylist.xml)</visible>
				</control>
				<control type="label">
					<textcolor>red</textcolor>
					<label>MyMusicPlaylistEditor.xml</label>
					<visible>Window.IsVisible(MyMusicPlaylistEditor.xml)</visible>
				</control>
				<control type="label">
					<textcolor>red</textcolor>
					<label>MyPics.xml</label>
					<visible>Window.IsVisible(MyPics.xml)</visible>
				</control>
				<control type="label">
					<textcolor>red</textcolor>
					<label>MyPrograms.xml</label>
					<visible>Window.IsVisible(MyPrograms.xml)</visible>
				</control>
				<control type="label">
					<textcolor>red</textcolor>
					<label>MyPVRChannels.xml</label>
					<visible>Window.IsVisible(MyPVRChannels.xml)</visible>
				</control>
				<control type="label">
					<textcolor>red</textcolor>
					<label>MyPVRGuide.xml</label>
					<visible>Window.IsVisible(MyPVRGuide.xml)</visible>
				</control>
				<control type="label">
					<textcolor>red</textcolor>
					<label>MyPVRRecordings.xml</label>
					<visible>Window.IsVisible(MyPVRRecordings.xml)</visible>
				</control>
				<control type="label">
					<textcolor>red</textcolor>
					<label>MyPVRSearch.xml</label>
					<visible>Window.IsVisible(MyPVRSearch.xml)</visible>
				</control>
				<control type="label">
					<textcolor>red</textcolor>
					<label>MyPVRTimers.xml</label>
					<visible>Window.IsVisible(MyPVRTimers.xml)</visible>
				</control>
				<control type="label">
					<textcolor>red</textcolor>
					<label>MyPVR.xml</label>
					<visible>Window.IsVisible(MyPVR.xml)</visible>
				</control>
				<control type="label">
					<textcolor>red</textcolor>
					<label>MyVideoNav.xml</label>
					<visible>Window.IsVisible(MyVideoNav.xml)</visible>
				</control>
				<control type="label">
					<textcolor>red</textcolor>
					<label>MyGames.xml</label>
					<visible>Window.IsVisible(MyGames.xml)</visible>
				</control>
				<control type="label">
					<textcolor>red</textcolor>
					<label>MyVideoPlaylist.xml</label>
					<visible>Window.IsVisible(MyVideoPlaylist.xml)</visible>
				</control>
				<control type="label">
					<textcolor>red</textcolor>
					<label>MyWeather.xml</label>
					<visible>Window.IsVisible(MyWeather.xml)</visible>
				</control>
				<control type="label">
					<textcolor>red</textcolor>
					<label>Settings.xml</label>
					<visible>Window.IsVisible(Settings.xml)</visible>
				</control>
				<control type="label">
					<textcolor>red</textcolor>
					<label>CustomSources.xml</label>
					<visible>Window.IsVisible(CustomSources.xml)</visible>
				</control>
				<control type="label">
					<textcolor>red</textcolor>
					<label>SettingsCategory.xml</label>
					<visible>Window.IsVisible(SettingsCategory.xml)</visible>
				</control>
				<control type="label">
					<textcolor>red</textcolor>
					<label>SkinSettings.xml</label>
					<visible>Window.IsVisible(SkinSettings.xml)</visible>
				</control>
				<control type="label">
					<textcolor>red</textcolor>
					<label>CustomQuit.xml</label>
					<visible>Window.IsVisible(CustomQuit.xml)</visible>
				</control>
				<control type="label">
					<textcolor>red</textcolor>
					<label>SettingsProfile.xml</label>
					<visible>Window.IsVisible(SettingsProfile.xml)</visible>
				</control>
				<control type="label">
					<textcolor>red</textcolor>
					<label>VideoFullScreen.xml</label>
					<visible>Window.IsVisible(VideoFullScreen.xml)</visible>
				</control>
				<control type="label">
					<textcolor>red</textcolor>
					<label>DialogFullScreenInfo.xml</label>
					<visible>Window.IsVisible(DialogFullScreenInfo.xml)</visible>
				</control>				<!-- Dialog labels -->
				<control type="label">
					<textcolor>red</textcolor>
					<label>DialogAddonInfo.xml</label>
					<visible>Window.IsVisible(DialogAddonInfo.xml)</visible>
				</control>
				<control type="label">
					<textcolor>red</textcolor>
					<label>DialogAddonSettings.xml</label>
					<visible>Window.IsVisible(DialogAddonSettings.xml)</visible>
				</control>
				<control type="label">
					<textcolor>red</textcolor>
					<label>DialogBusy.xml</label>
					<visible>Window.IsVisible(DialogBusy.xml)</visible>
				</control>
				<control type="label">
					<textcolor>red</textcolor>
					<label>DialogButtonMenu.xml</label>
					<visible>Window.IsVisible(DialogButtonMenu.xml)</visible>
				</control>
				<control type="label">
					<textcolor>red</textcolor>
					<label>DialogContentSettings.xml</label>
					<visible>Window.IsVisible(DialogContentSettings.xml)</visible>
				</control>
				<control type="label">
					<textcolor>red</textcolor>
					<label>DialogContextMenu.xml</label>
					<visible>Window.IsVisible(DialogContextMenu.xml)</visible>
				</control>
				<control type="label">
					<textcolor>red</textcolor>
					<label>DialogExtendedProgressBar.xml</label>
					<visible>Window.IsVisible(DialogExtendedProgressBar.xml)</visible>
				</control>
				<control type="label">
					<textcolor>red</textcolor>
					<label>MyFavourites.xml</label>
					<visible>Window.IsVisible(MyFavourites.xml)</visible>
				</control>
				<control type="label">
					<textcolor>red</textcolor>
					<label>DialogKeyboard.xml</label>
					<visible>Window.IsVisible(DialogKeyboard.xml)</visible>
				</control>
				<control type="label">
					<textcolor>red</textcolor>
					<label>DialogMediaFilter.xml</label>
					<visible>Window.IsVisible(DialogMediaFilter.xml)</visible>
				</control>
				<control type="label">
					<textcolor>red</textcolor>
					<label>DialogMediaSource.xml</label>
					<visible>Window.IsVisible(DialogMediaSource.xml)</visible>
				</control>
				<control type="label">
					<textcolor>red</textcolor>
					<label>DialogMuteBug.xml</label>
					<visible>Window.IsVisible(DialogMuteBug.xml)</visible>
				</control>
				<control type="label">
					<textcolor>red</textcolor>
					<label>DialogVolumeBar.xml</label>
					<visible>Window.IsVisible(DialogVolumeBar.xml)</visible>
				</control>
				<control type="label">
					<textcolor>red</textcolor>
					<label>DialogNetworkSetup.xml</label>
					<visible>Window.IsVisible(DialogNetworkSetup.xml)</visible>
				</control>
				<control type="label">
					<textcolor>red</textcolor>
					<label>DialogNumeric.xml</label>
					<visible>Window.IsVisible(DialogNumeric.xml)</visible>
				</control>
				<control type="label">
					<textcolor>red</textcolor>
					<label>DialogPeripheralSettings.xml</label>
					<visible>Window.IsVisible(DialogPeripheralSettings.xml)</visible>
				</control>
				<control type="label">
					<textcolor>red</textcolor>
					<label>DialogPictureInfo.xml</label>
					<visible>Window.IsVisible(DialogPictureInfo.xml)</visible>
				</control>
				<control type="label">
					<textcolor>red</textcolor>
					<label>DialogProgress.xml</label>
					<visible>Window.IsVisible(DialogProgress.xml)</visible>
				</control>
				<control type="label">
					<textcolor>red</textcolor>
					<label>DialogPVRChannelManager.xml</label>
					<visible>Window.IsVisible(DialogPVRChannelManager.xml)</visible>
				</control>
				<control type="label">
					<textcolor>red</textcolor>
					<label>DialogPVRChannelsOSD.xml</label>
					<visible>Window.IsVisible(DialogPVRChannelsOSD.xml)</visible>
				</control>
				<control type="label">
					<textcolor>red</textcolor>
					<label>DialogPVRGroupManager.xml</label>
					<visible>Window.IsVisible(DialogPVRGroupManager.xml)</visible>
				</control>
				<control type="label">
					<textcolor>red</textcolor>
					<label>DialogPVRGuideOSD.xml</label>
					<visible>Window.IsVisible(DialogPVRGuideOSD.xml)</visible>
				</control>
				<control type="label">
					<textcolor>red</textcolor>
					<label>DialogPVRGuideSearch.xml</label>
					<visible>Window.IsVisible(DialogPVRGuideSearch.xml)</visible>
				</control>
				<control type="label">
					<textcolor>red</textcolor>
					<label>DialogPVRInfo.xml</label>
					<visible>Window.IsVisible(DialogPVRInfo.xml)</visible>
				</control>
				<control type="label">
					<textcolor>red</textcolor>
					<label>DialogPVRRadioRDSInfo.xml</label>
					<visible>Window.IsVisible(DialogPVRRadioRDSInfo.xml)</visible>
				</control>
				<control type="label">
					<textcolor>red</textcolor>
					<label>DialogPVRTimerSettings.xml</label>
					<visible>Window.IsVisible(DialogPVRTimerSettings.xml)</visible>
				</control>
				<control type="label">
					<textcolor>red</textcolor>
					<label>DialogSeekbar.xml</label>
					<visible>Window.IsVisible(DialogSeekbar.xml)</visible>
				</control>
				<control type="label">
					<textcolor>red</textcolor>
					<label>DialogSelect.xml</label>
					<visible>Window.IsVisible(DialogSelect.xml)</visible>
				</control>
				<control type="label">
					<textcolor>red</textcolor>
					<label>DialogSlider.xml</label>
					<visible>Window.IsVisible(DialogSlider.xml)</visible>
				</control>
				<control type="label">
					<textcolor>red</textcolor>
					<label>DialogSubtitles.xml</label>
					<visible>Window.IsVisible(DialogSubtitles.xml)</visible>
				</control>
				<control type="label">
					<textcolor>red</textcolor>
					<label>DialogTextViewer.xml</label>
					<visible>Window.IsVisible(DialogTextViewer.xml)</visible>
				</control>
				<control type="label">
					<textcolor>red</textcolor>
					<label>DialogVideoInfo.xml</label>
					<visible>Window.IsVisible(DialogVideoInfo.xml)</visible>
				</control>
				<control type="label">
					<textcolor>red</textcolor>
					<label>DialogVolumeBar.xml</label>
					<visible>Window.IsVisible(DialogVolumeBar.xml)</visible>
				</control>
				<control type="label">
					<textcolor>red</textcolor>
					<label>DialogConfirm.xml</label>
					<visible>Window.IsVisible(DialogConfirm.xml)</visible>
				</control>
				<control type="label">
					<textcolor>red</textcolor>
					<label>MusicOSD.xml</label>
					<visible>Window.IsVisible(MusicOSD.xml)</visible>
				</control>
				<control type="label">
					<textcolor>red</textcolor>
					<label>PlayerControls.xml</label>
					<visible>Window.IsVisible(PlayerControls.xml)</visible>
				</control>
				<control type="label">
					<textcolor>red</textcolor>
					<label>script-cu-lrclyrics-main.xml</label>
					<visible>Window.IsVisible(script-cu-lrclyrics-main.xml)</visible>
				</control>
				<control type="label">
					<textcolor>red</textcolor>
					<label>SettingsSystemInfo.xml</label>
					<visible>Window.IsVisible(SettingsSystemInfo.xml)</visible>
				</control>
				<control type="label">
					<textcolor>red</textcolor>
					<label>SlideShow.xml</label>
					<visible>Window.IsVisible(SlideShow.xml)</visible>
				</control>
				<control type="label">
					<textcolor>red</textcolor>
					<label>SmartPlaylistEditor.xml</label>
					<visible>Window.IsVisible(SmartPlaylistEditor.xml)</visible>
				</control>
				<control type="label">
					<textcolor>red</textcolor>
					<label>SmartPlaylistRule.xml</label>
					<visible>Window.IsVisible(SmartPlaylistRule.xml)</visible>
				</control>
				<control type="label">
					<textcolor>red</textcolor>
					<label>VideoOSD.xml</label>
					<visible>Window.IsVisible(VideoOSD.xml)</visible>
				</control>
				<control type="label">
					<textcolor>red</textcolor>
					<label>GameOSD.xml</label>
					<visible>Window.IsVisible(GameOSD.xml)</visible>
				</control>
				<control type="label">
					<textcolor>red</textcolor>
					<label>DialogGameControllers.xml</label>
					<visible>Window.IsVisible(DialogGameControllers.xml)</visible>
				</control>
				<control type="label">
					<textcolor>red</textcolor>
					<label>VideoOSDBookmarks.xml</label>
					<visible>Window.IsVisible(VideoOSDBookmarks.xml)</visible>
				</control>
				<control type="label">
					<textcolor>red</textcolor>
					<label>VideoOSDSettings.xml</label>
					<visible>Window.IsVisible(VideoOSDSettings.xml)</visible>
				</control>
				<control type="label">
					<textcolor>red</textcolor>
					<label>DialogPlayerProcessInfo.xml</label>
					<visible>Window.IsVisible(DialogPlayerProcessInfo.xml)</visible>
				</control>
				<control type="label">
					<textcolor>red</textcolor>
					<label>DialogSettings.xml</label>
					<visible>Window.IsVisible(DialogSettings.xml)</visible>
				</control>
			</control>
			<!-- Control label -->
			<control type="label">
				<left>968</left>
				<top>22</top>
				<width>930</width>
				<height>32</height>
				<textcolor>red</textcolor>
				<align>right</align>
				<label>$INFO[System.CurrentControl]</label>
			</control>
			<!-- Path label -->
			<control type="label">
				<left>968</left>
				<top>72</top>
				<width>930</width>
				<height>32</height>
				<textcolor>red</textcolor>
				<align>right</align>
				<label>[COLOR=FF00FF00]$INFO[Container.FolderName,, - ][/COLOR]$INFO[Container.FolderPath]</label>
			</control>
		</control>
	</controls>
</window>