<?xml version="1.0" encoding="UTF-8"?>
<window>
	<defaultcontrol always="true">3</defaultcontrol>
	<coordinates>
		<posx>0</posx>
		<posy>0</posy>
	</coordinates>
	<controls>
		<include>FullBackground</include>
		<control type="group"> 
			<include>DimBG</include>
			<visible>Window.IsVisible(VideoFullScreen.xml)</visible> 
		</control>
		<control type="group" description="Content">
			<include>OpenClose</include>
			<!--<include>SystemClock</include>-->
			<control type="label" id="2" description="Heading">
				<!--<posy>21</posy>-->
				<include>Heading</include>
			</control>
			<control type="image" description="separator Left container">
				<posy>0</posy>
				<posx>600</posx>
				<width>6</width>
				<height>1080</height>
				<texture>img/LineV.png</texture>
				<aspectratio>stretch</aspectratio>
			</control>
			<control type="grouplist" id="3" description="Left Configure Panel">
				<posx>112</posx>
				<posy>120</posy>
				<width>480</width>
				<height>585</height>
				<itemgap>9</itemgap>
				<onleft>30</onleft>
				<onright>5</onright>
				<onup>3</onup>
				<ondown>8999</ondown>
			</control>
			<control type="grouplist" id="8999" description="Left OK/Cancel Panel">
				<posx>112</posx>
				<posy>780</posy>
				<width>480</width>
				<height>250</height>
				<itemgap>9</itemgap>
				<onleft>noop</onleft>
				<onright>5</onright>
				<onup>3</onup>
				<ondown>noop</ondown>
				<align>center</align>
				<aligny>top</aligny>
				<orientation>vertical</orientation>
				<control type="button" id="28" description="OK Button">
					<width>390</width>
					<label>186</label>
					<align>center</align>
					<texturenofocus border="4">img/SettingsButtonNF.png</texturenofocus>
				</control>
				<control type="button" id="29" description="Cancel Button">
					<width>390</width>
					<label>222</label>
					<align>center</align>
					<texturenofocus border="4">img/SettingsButtonNF.png</texturenofocus>
				</control>
				<control type="button" id="30" description="Defaults Button">
					<width>390</width>
					<label>409</label>
					<align>center</align>
					<texturenofocus border="4">img/SettingsButtonNF.png</texturenofocus>
				</control>
			</control>
			<control type="button" id="10" description="Default Category Button">
				<font>size22</font>
				<align>center</align>
				<texturenofocus border="4">img/SettingsButtonNF.png</texturenofocus>
				<texturefocus border="4">img/SettingsButtonFO.png</texturefocus>
			</control>
			<control type="group" description="Right Panel">
				<posx>700</posx>
				<posy>120</posy>
				<control type="grouplist" id="5" description="Right controls">
					<posx>0</posx>
					<posy>0</posy>
					<width>1125</width>
					<height>900</height>
					<itemgap>0</itemgap>
					<onup>5</onup>
					<ondown>5</ondown>
					<onleft>3</onleft>
					<onright>60</onright>
					<pagecontrol>60</pagecontrol>
				</control>
				<control type="button" id="7" description="Default Button">
					<font>size22</font>
				</control>
				<control type="radiobutton" id="8" description="Default RadioButton">
					<font>size22</font>
					<radioposx>1074</radioposx>
				</control>
				<control type="spincontrolex" id="9" description="Default spincontrolex">
					<font>size22</font>
					<reverse>yes</reverse>
				</control>
				<control type="label" id="14">
					<label></label>
					<font>size24</font>
					<textcolor>HL</textcolor>
				</control>
				<control type="image" id="11" description="Default Seperator">
					<height>-3</height>
					<texture></texture>
				</control>
				<control type="edit" id="12">
					<include>SkinSettingsButton</include>
				</control>
				<control type="sliderex" id="13" description="Default Slider Control">
					<font>size22</font>
					<width>900</width>
				</control>
				<control type="colorbutton" id="15" description="ColorButton">
					<height>70</height>
					<aligny>center</aligny>
					<texturenofocus />
				</control>
			</control>
		</control>
	</controls>
</window>
