<?xml version="1.0" encoding="UTF-8"?>
<window>
	<defaultcontrol always="true">6</defaultcontrol>
	<include>DialogOpenClose</include>
	<controls>		
		<control type="group">
			<centertop>50%</centertop>
			<centerleft>50%</centerleft>
			<height>870</height>
			<width>1220</width>
			<control type="image">
				<left>0</left>
				<top>84</top>
				<width>1220</width>
				<height>690</height>
				<texture colordiffuse="$VAR[MenuTransperancy]" border="128">img/DialogCE.png</texture>
			</control>
			<control type="label" description="Header">
				<left>64</left>
				<top>126</top>
				<width>1080</width>
				<align>center</align>
				<textcolor>HL</textcolor>
				<font>size25</font>
				<label>14078</label>
			</control>
			<control type="panel" id="6">
				<left>64</left>
				<top>226</top>
				<width>1080</width>
				<bottom>39</bottom>
				<onup>6</onup>
				<ondown>6</ondown>
				<onleft>6</onleft>
				<onright>6</onright>
				<orientation>vertical</orientation>
			<viewtype label="100">icon</viewtype>
				<itemlayout height="50" width="60">
					<control type="group">
						<control type="image">
							<top>5</top>
							<left>12</left>
							<width>54</width>
							<height>44</height>
							<texture border="0">picker/white.png</texture>
							<colordiffuse>$INFO[ListItem.Label2]</colordiffuse>
							<aspectratio>stretch</aspectratio>
						</control>
					</control>
				</itemlayout>
				<focusedlayout height="50" width="60">
					<control type="group">
						<animation effect="zoom" time="200" tween="sine" easing="inout" start="75" end="186" center="auto">Focus</animation>
						<control type="image">
							<top>4</top>
							<left>8</left>
							<width>54</width>
							<height>44</height>
							<texture border="0">picker/white.png</texture>
							<colordiffuse>$INFO[ListItem.Label2]</colordiffuse>
							<aspectratio>stretch</aspectratio>
						</control>
					</control>
				</focusedlayout>
			</control>
			<control type="label" description="color name">
				<left>66</left>
				<top>686</top>
				<width>1080</width>
				<height>53</height>
				<font>size14</font>
				<align>right</align>
				<aligny>center</aligny>
				<label>$INFO[Container(6).ListItem.Label,, [COLOR HL]•[/COLOR]] $INFO[Container(6).ListItem.Label2,]</label>
			</control>
		</control>
	</controls>
</window>
