<?xml version="1.0" encoding="utf-8"?>
<window>
	<defaultcontrol always="true">5</defaultcontrol>
	<include>DialogOpenClose</include>
	<coordinates>
		<left>0</left>
		<top>0</top>
	</coordinates>
	<controls>  
		<control type="group"> 
			<include>DimBG</include>
			<visible>!Window.IsVisible(VideoFullScreen.xml)</visible> 
		</control>
		<control type="group"> 
			<top>-10</top>
			<animation effect="fade" start="100" end="0" time="150" condition="Window.Is(contentsettings) 
				+ Window.IsActive(AddonSettings)">Conditional
			</animation>
			<animation effect="fade" start="100" end="0" time="300" condition="[Window.Is(osdaudiosettings) 
				| Window.Is(osdvideosettings) | Window.Is(osdsubtitlesettings)] + [Window.IsVisible(SliderDialog)
				|  Window.IsVisible(FileBrowser) |  Window.IsVisible(SelectDialog)]">Conditional
			</animation>
			<animation effect="fade" start="100" end="0" time="400" condition="Window.IsVisible(SliderDialog)">Conditional
			</animation> 
			<control type="image">
				<posx>428</posx>
				<posy>160</posy>
				<width>1070</width>
				<height>690</height>
				<texture colordiffuse="$VAR[MenuTransperancy]" border="128">img/DialogCE.png</texture>
				<visible>!Window.IsVisible(VideoFullScreen.xml)</visible>
			</control>
			<control type="image">
				<posx>428</posx>
				<posy>160</posy>
				<width>1070</width>
				<height>690</height>
				<texture colordiffuse="$VAR[OSDTransperancy]" border="128">img/DialogCE.png</texture>
				<visible>Window.IsVisible(VideoFullScreen.xml)</visible>
			</control>
			<control type="label" id="2">
				<left>508</left>
				<top>225</top>
				<width>900</width>
				<height>38</height>
				<align>center</align>
				<font>size25</font>
				<textcolor>HL</textcolor>
			</control>
			<control type="grouplist" id="5">
				<left>508</left>
				<top>300</top>
				<width>900</width>
				<height>390</height>
				<pagecontrol>60</pagecontrol>
				<onleft>9000</onleft>
				<onright>60</onright>
				<onup>noop</onup>
				<ondown>9000</ondown>
			</control>
			<control type="button" id="7">
				<height>60</height>
				<font>size20</font>
			</control>
			<control type="radiobutton" id="8">
				<height>60</height>
				<font>size20</font>
			</control>
			<control type="spincontrolex" id="9">
				<height>60</height>
				<font>size20</font>
			</control>
			<control type="edit" id="12">
				<height>60</height>
				<align></align>
				<font>size20</font>
			</control>
			<control type="sliderex" id="13">
				<height>60</height>
				<font>size20</font>
			</control>
			<control type="label" id="14">
				<height>60</height>
				<font>size20</font>
				<textoffsetx>2</textoffsetx>
			</control>
			<control type="scrollbar" id="60">
				<left>1440</left>
				<top>300</top>
				<width>10</width>
				<height>390</height>
				<onright>9000</onright>
				<onleft>5</onleft>
				<animation condition="!Control.HasFocus(60) + !Container.Scrolling + !$EXP[isEnabledScrollbar]" effect="fade" start="100" end="0" time="200" reversible="true">Conditional</animation>
				<visible>$EXP[isEnabledScrollbar]</visible>
			</control>
			<control type="group">
				<control type="image">
					<left>945</left>
					<top>547</top>
					<height>24</height>
					<width>24</width>
					<texture>scroll-up.png</texture>
					<visible>Container(5).HasPrevious</visible>
				</control>
				<control type="image">
					<left>945</left>
					<top>1255</top>
					<height>24</height>
					<width>24</width>
					<texture>scroll-down.png</texture>
					<visible>Container(5).HasNext</visible>
				</control>
			</control>
			<control type="grouplist" id="9000">
				<left>508</left>
				<top>710</top>
				<width>900</width>
				<height>75</height>
				<align>center</align>
				<orientation>horizontal</orientation>
				<itemgap>0</itemgap>
				<onup>5</onup>
				<ondown>5</ondown>
				<control type="button" id="28">
					<width>390</width>
					<height>75</height>
					<align>center</align>
					<font>size23</font>
					<onleft>noop</onleft>
					<onright>29</onright>
					<onup>5</onup>
				</control>
				<control type="button" id="29">
					<width>390</width>
					<height>75</height>
					<align>center</align>
					<font>size23</font>
					<onleft>28</onleft>
					<onright>30</onright>
					<onup>5</onup>
				</control>
				<control type="button" id="30">
					<width>390</width>
					<height>75</height>
					<align>center</align>
					<font>size23</font>
					<onleft>29</onleft>
					<onright>noop</onright>
					<onup>5</onup>
				</control>
			</control>
		</control>
	</controls>
</window>