<?xml version="1.0" encoding="UTF-8"?>
<window>
	<defaultcontrol always="true">50</defaultcontrol>
	<views>50,51,53,501</views>
	<controls>
		<include>FullBackground</include>
		<include>OpenClose</include>
		<control type="group" description="Content">
			<animation effect="fade" delay="100" time="300">Visible</animation>
			<animation effect="fade" time="0">Hidden</animation>
			<include condition="true">View_50</include>
			<include condition="true">View_51</include>
			<include condition="true">View_53</include>
			<include condition="true">View_501</include>
		</control>
		<control type="button" id="9001">
			<visible allowhiddenfocus="true">Control.HasFocus(9001)</visible>
			<centerleft>1600</centerleft>
			<centertop>840</centertop>
			<width>201</width>
			<height>210</height>
			<texturenofocus></texturenofocus>
			<texturefocus colordiffuse="$VAR[MenuTransperancy]" border="12">HUD/ScrollVertical.png</texturefocus>
			<label>$INFO[ListItem.SortLetter]</label>
			<font>Scroll</font>
			<onleft>50</onleft>
			<onright>50</onright>
			<onup>PageUp(60)</onup>
			<ondown>PageDown(60)</ondown>
			<onclick>Control.SetFocus(50)</onclick>
			<onback>Control.SetFocus(50)</onback>
			<align>center</align>
		</control>
		<control type="button" id="9002">
			<visible allowhiddenfocus="true">Control.HasFocus(9002)</visible>
			<centerleft>960</centerleft>
			<centertop>750</centertop>
			<width>201</width>
			<height>210</height>
			<texturenofocus></texturenofocus>
			<texturefocus colordiffuse="$VAR[MenuTransperancy]" border="12">HUD/ScrollVertical.png</texturefocus>
			<label>$INFO[ListItem.SortLetter]</label>
			<font>Scroll</font>
			<onup>50</onup>
			<ondown>50</ondown>
			<onleft>PageUp(60)</onleft>
			<onright>PageDown(60)</onright>
			<onclick>Control.SetFocus(50)</onclick>
			<onback>Control.SetFocus(50)</onback>
			<align>center</align>
		</control>
		<control type="button" id="9003">
			<visible allowhiddenfocus="true">Control.HasFocus(9003)</visible>
			<centerleft>960</centerleft>
			<centertop>540</centertop>
			<width>201</width>
			<height>210</height>
			<texturenofocus></texturenofocus>
			<texturefocus colordiffuse="$VAR[MenuTransperancy]" border="12">HUD/ScrollHorizontal.png</texturefocus>
			<label>$INFO[ListItem.SortLetter]</label>
			<font>Scroll</font>
			<onup>50</onup>
			<ondown>50</ondown>
			<onleft>PageUp(60)</onleft>
			<onright>PageDown(60)</onright>
			<onclick>Control.SetFocus(50)</onclick>
			<onback>Control.SetFocus(50)</onback>
			<align>center</align>
		</control>
		<control type="scrollbar" id="60">
			<posx>-500</posx>
			<posy>147</posy>
			<height>882</height>
			<onleft>50</onleft>
			<onright>noop</onright>
		</control>
		<control type="button" id="9004">
			<centerleft>960</centerleft>
			<centertop>60</centertop>
			<width>101</width>
			<height>110</height>
			<texturenofocus colordiffuse="$VAR[MenuTransperancy]" border="12">HUD/HUDBackground.png</texturenofocus>
			<label>$INFO[ListItem.SortLetter]</label>
			<font>Scroll2</font>
			<align>center</align> <textcolor>HL</textcolor>
			<visible>!Skin.HasSetting(LowPowerMode)</visible>
			<visible>!System.HasModalDialog</visible>
			<visible>Container.Scrolling</visible>
			<visible>![Control.HasFocus(9001) | Control.HasFocus(9002) | Control.HasFocus(9003)]</visible>
			<visible>String.IsEqual(Container.SortMethod,$LOCALIZE[551]) | String.IsEqual(Container.SortMethod,$LOCALIZE[561]) | String.IsEqual(Container.SortMethod,$LOCALIZE[558]) | String.IsEqual(Container.SortMethod,$LOCALIZE[557]) | String.IsEqual(Container.SortMethod,$LOCALIZE[556]) | String.IsEqual(Container.SortMethod,$LOCALIZE[563])</visible>
			<animation effect="fade" start="0" end="100" time="200" reversible="true">VisibleChange</animation>
			<animation effect="fade" start="100" end="0" time="200">WindowClose</animation>
		</control>
		<control type="group" description="Menu 9000 group">
			<include>9000Commons</include>
			<control type="grouplist" id="9000">
				<include>9000GrouplistParameters</include>
				<control type="button" id="2" description="Views">
					<texturenofocus></texturenofocus>
					<include>9000Buttons</include>
				</control>
				<control type="button" id="3" description="Sort">
					<visible>Control.IsEnabled(3)</visible>
					<include>9000Buttons</include>
				</control>
				<control type="togglebutton" id="4" description="Ordering">
					<visible>Control.IsEnabled(4)</visible>
					<include>9000Buttons</include>
					<label>$LOCALIZE[21429]: $LOCALIZE[584]</label>
					<altlabel>$LOCALIZE[21429]: $LOCALIZE[585]</altlabel>
				</control>
				<include>DialogFilterButton</include>
			</control>
		</control>
	</controls>
</window>
