<?xml version="1.0" encoding="UTF-8"?>
<window>
	<include>AutoMuteBG</include>
	<defaultcontrol always="true">50</defaultcontrol>
	<allowoverlay>no</allowoverlay>
	<views>50</views>
	<controls>
		<control type="group">
			<include>FullBackground</include>
			<include>Header</include>
			<include>OpenClose</include>
			<control type="group">
				<description>TV Search group</description>
				<visible>Control.IsVisible(50)</visible>
				<include>VisibleFadeEffect</include>
				<control type="group">
					<visible>ListItem.HasEPG</visible>
					<left>0</left>
					<top>0</top>
					<control type="image">
						<posx>60</posx>
						<posy>40</posy>
						<width>240</width>
						<height>320</height>
						<texture background="true">$INFO[ListItem.Icon]</texture>
						<!--<aspectratio align="center" aligny="center">keep</aspectratio>-->
						<aspectratio>stretch</aspectratio>
					</control>
					<control type="label">
						<left>340</left>
						<top>100</top>
						<width>940</width>
						<height>20</height>
						<label>[B]$INFO[ListItem.EpgEventTitle]$INFO[ListItem.EpisodeName, (,)][/B]</label>
						<font>size22</font>
						<textcolor>HL</textcolor>
						<scroll>true</scroll>
					</control>
					<control type="label">
						<left>340</left>
						<top>150</top>
						<width>940</width>
						<height>20</height>
						<label>$INFO[ListItem.StartTime]$INFO[ListItem.EndTime, - ]$INFO[ListItem.Season, • $LOCALIZE[20373] ]$INFO[ListItem.Episode, • $LOCALIZE[20359] ]$INFO[ListItem.Genre, • ]</label>
						<font>size20</font>
						<textcolor>Grey2</textcolor>
					</control>
					<control type="textbox">
						<description>Plot value</description>
						<left>340</left>
						<top>185</top>
						<width>1480</width>
						<height>110</height>
						<!--<font>font12</font>-->
						<align>justify</align>
						<!--<textcolor>Grey</textcolor>-->
						<autoscroll delay="10000" time="3000" repeat="6000">true</autoscroll>
						<label>$INFO[ListItem.Plot]</label>
					</control>
				</control>
				<control type="group" description="Header">
					<posx>60</posx>
					<posy>360</posy>
					<include>VisibleFadeEffect</include>
					<control type="image" description="split">
						<posx>0</posx>
						<posy>39</posy>
						<width>1800</width>
						<height>2</height>
						<texture>img/LineST.png</texture>
					</control>
					<control type="label">
						<description>Title header label</description>
						<posx>20</posx>
						<posy>0</posy>
						<width>680</width>
						<height>30</height>
						<label>$LOCALIZE[369]</label>
					</control>
					<control type="label">
						<description>Schedule Time header label</description>
						<posx>710</posx>
						<posy>0</posy>
						<width>320</width>
						<height>30</height>
						<label>$LOCALIZE[21820]</label>
					</control>
					<control type="label">
						<description>Channel header label</description>
						<posx>1060</posx>
						<posy>0</posy>
						<width>440</width>
						<height>30</height>
						<label>$LOCALIZE[19148]</label>
					</control>
					<control type="label">
						<description>Status header label</description>
						<posx>1520</posx>
						<posy>0</posy>
						<width>280</width>
						<height>30</height>
						<label>$LOCALIZE[126]</label>
					</control>
				</control>
				<control type="list" id="50" description="Search">
					<posx>60</posx>
					<posy>436</posy>
					<width>1800</width>
					<height>546</height>
					<scrolltime>200</scrolltime>
					<viewtype label="">list</viewtype>
					<onleft>104</onleft>
					<onright>77</onright>
					<onup>50</onup>
					<ondown>50</ondown>
					<pagecontrol>77</pagecontrol>
					<itemlayout height="78">
						<control type="image">
							<posx>0</posx>
							<posy>0</posy>
							<height>78</height>
							<width>1800</width>
							<texture border="3">img/ListNF.png</texture>
						</control>
						<control type="label" description="Label">
							<posx>10</posx>
							<posy>0</posy>
							<width>680</width>
							<height>78</height>
							<scroll>false</scroll>
							<font>size20</font>
							<info>ListItem.Label</info>
						</control>
						<control type="label" description="Date">
							<posx>710</posx>
							<posy>0</posy>
							<width>320</width>
							<height>78</height>
							<scroll>false</scroll>
							<font>size20</font>
							<info>ListItem.Date</info>
						</control>
						<control type="label" description="Channel label">
							<posx>1060</posx>
							<posy>0</posy>
							<width>440</width>
							<height>78</height>
							<scroll>false</scroll>
							<font>size20</font>
							<info>ListItem.ChannelName</info>
						</control>
						<control type="label">
							<posx>1510</posx>
							<posy>5</posy>
							<width>280</width>
							<height>30</height>
							<scroll>false</scroll>
							<font>size19</font>
							<label>$LOCALIZE[19043]</label>
							<visible>ListItem.IsRecording</visible>
						</control>
						<control type="label">
							<posx>1510</posx>
							<posy>40</posy>
							<width>280</width>
							<height>30</height>
							<scroll>false</scroll>
							<font>size19</font>
							<label>$LOCALIZE[31510]</label>
							<visible>ListItem.HasTimer</visible>
						</control>
					</itemlayout>
					<focusedlayout height="78">
						<control type="image">
							<posx>0</posx>
							<posy>0</posy>
							<height>78</height>
							<width>1800</width>
							<texture border="3">img/ListNF.png</texture>
						</control>
						<control type="image">
							<posx>0</posx>
							<posy>3</posy>
							<width>1800</width>
							<height>75</height>
							<texture border="8">img/MediaButton2.png</texture>
						</control>
						<control type="label" description="Timer label">
							<posx>10</posx>
							<posy>0</posy>
							<width>680</width>
							<height>78</height>
							<scroll>false</scroll>
							<textcolor>HL</textcolor>
							<font>size20</font>
							<info>ListItem.Label</info>
						</control>
						<control type="label" description="Date">
							<posx>710</posx>
							<posy>0</posy>
							<width>320</width>
							<height>78</height>
							<scroll>false</scroll>
							<textcolor>HL</textcolor>
							<font>size20</font>
							<info>ListItem.Date</info>
						</control>
						<control type="label" description="Channel label">
							<posx>1060</posx>
							<posy>0</posy>
							<width>440</width>
							<height>78</height>
							<scroll>false</scroll>
							<textcolor>HL</textcolor>
							<font>size20</font>
							<info>ListItem.ChannelName</info>
						</control>
						<control type="label">
							<posx>1510</posx>
							<posy>5</posy>
							<width>280</width>
							<height>30</height>
							<scroll>false</scroll>
							<font>size19</font>
							<textcolor>HL</textcolor>
							<label>$LOCALIZE[19043]</label>
							<visible>ListItem.IsRecording</visible>
						</control>
						<control type="label">
							<posx>1510</posx>
							<posy>40</posy>
							<width>280</width>
							<height>30</height>
							<scroll>false</scroll>
							<font>size19</font>
							<textcolor>HL</textcolor>
							<label>$LOCALIZE[31510]</label>
							<visible>ListItem.HasTimer</visible>
						</control>
					</focusedlayout>
				</control>
				<control type="group" description="Footer">
					<posx>60</posx>
					<posy>53r</posy>
					<control type="image" description="Bottom split">
						<posx>0</posx>
						<posy>-9</posy>
						<width>1800</width>
						<height>2</height>
						<texture>img/LineST.png</texture>
					</control>
					<control type="label">
						<posx>0</posx>
						<posy>0</posy>
						<width>1320</width>
						<height>40</height>
						<aligny>center</aligny>
						<font>size19</font>
						<align>left</align>
						<scroll>false</scroll>
						<label>[COLOR=White]$INFO[ListItem.Label][/COLOR]$INFO[ListItem.Duration,  •  ,  •  ]  [COLOR=Grey]$INFO[ListItem.StartTime,( ,  •  ]$INFO[ListItem.EndTime,, )][/COLOR]</label>
					</control>

					<control type="label">
						<description>Page Count Label</description>
						<right>40</right>
						<width>500</width>
						<height>40</height>
						<textcolor>grey</textcolor>
						<scroll>false</scroll>
						<font>size19</font>
						<align>right</align>
						<aligny>center</aligny>
						<label>([COLOR=White]$INFO[Container(50).NumItems][/COLOR]) $LOCALIZE[31025] • $LOCALIZE[31024] ([COLOR=White]$INFO[Container(50).CurrentPage]/$INFO[Container(50).NumPages][/COLOR])</label>
					</control>

				</control>
			</control>
		</control>
		<include>PVRSideBlade</include>
	</controls>
</window>
