<?xml version="1.0" encoding="UTF-8"?>
<window>
	<include>AutoMuteBG</include>
	<defaultcontrol always="true">50</defaultcontrol>
	<allowoverlay>no</allowoverlay>
	<views>50</views>
	<controls>
		<include>FullBackground</include>
		<control type="group">
			<include>Header</include>
			<include>OpenClose</include>
			<control type="group">
				<description>Timers group</description>
				<visible>Control.IsVisible(50)</visible>
				<include>VisibleFadeEffect</include>
				<control type="group" description="Header">
					<posx>60</posx>
					<posy>130</posy>
					<control type="image" description="split">
						<posx>0</posx>
						<posy>39</posy>
						<width>1800</width>
						<height>2</height>
						<texture>img/LineST.png</texture>
					</control>
					<control type="label">
						<description>Title header label</description>
						<posx>20</posx>
						<posy>0</posy>
						<width>450</width>
						<height>30</height>
						<label>$LOCALIZE[369]</label>
					</control>
					<control type="label">
						<description>Schedule Time header label</description>
						<posx>520</posx>
						<posy>0</posy>
						<width>550</width>
						<height>30</height>
						<label>$LOCALIZE[31501]</label>
					</control>
					<control type="label">
						<description>Channel header label</description>
						<posx>1120</posx>
						<posy>0</posy>
						<width>380</width>
						<height>30</height>
						<label>$LOCALIZE[19029]</label>
					</control>
					<control type="label">
						<description>Status header label</description>
						<posx>1520</posx>
						<posy>0</posy>
						<width>280</width>
						<height>30</height>
						<label>$LOCALIZE[126]</label>
					</control>
				</control>
				<control type="list" id="50" description="Timers">
					<posx>60</posx>
					<posy>190</posy>
					<width>1800</width>
					<height>780</height>
					<scrolltime>350</scrolltime>
					<onleft>103</onleft>
					<onright>73</onright>
					<onup>50</onup>
					<ondown>50</ondown>					
					<pagecontrol>73</pagecontrol>
					<itemlayout height="78">
						<control type="image">
							<posx>0</posx>
							<posy>0</posy>
							<height>78</height>
							<width>1800</width>
							<texture border="3">list/ListNF.png</texture>
						</control>
						<control type="label" description="Timer label">
							<posx>10</posx>
							<posy>0</posy>
							<width>480</width>
							<height>78</height>
							<scroll>false</scroll>
							<info>ListItem.Label</info>
						</control>
						<control type="label" description="Date">
							<posx>510</posx>
							<posy>0</posy>
							<width>580</width>
							<height>78</height>
							<scroll>false</scroll>
							<info>ListItem.Date</info>
						</control>
						<control type="label" description="Channel label">
							<posx>1110</posx>
							<posy>0</posy>
							<width>380</width>
							<height>78</height>
							<scroll>false</scroll>
							<info>ListItem.ChannelName</info>
						</control>
						<control type="label" description="Comment">
							<posx>1510</posx>
							<posy>0</posy>
							<width>280</width>
							<height>78</height>
							<scroll>false</scroll>
							<font>size18</font>
							<info>ListItem.Comment</info>
						</control>
					</itemlayout>
					<focusedlayout height="78">
						<control type="image">
							<posx>0</posx>
							<posy>0</posy>
							<height>78</height>
							<width>1800</width>
							<texture border="3">img/ListNF.png</texture>
						</control>
						<control type="image">
							<posx>0</posx>
							<posy>3</posy>
							<width>1800</width>
							<height>75</height>
							<texture border="8">img/MediaButton2.png</texture>
						</control>
						<control type="label" description="Timer label">
							<posx>10</posx>
							<posy>0</posy>
							<width>480</width>
							<height>78</height>
							<scroll>false</scroll>
							<info>ListItem.Label</info>
						</control>
						<control type="label" description="Date">
							<posx>510</posx>
							<posy>0</posy>
							<width>580</width>
							<height>78</height>
							<scroll>false</scroll>
							<info>ListItem.Date</info>
						</control>
						<control type="label" description="Channel label">
							<posx>1110</posx>
							<posy>0</posy>
							<width>380</width>
							<height>78</height>
							<scroll>false</scroll>
							<info>ListItem.ChannelName</info>
						</control>
						<control type="label" description="Comment">
							<posx>1510</posx>
							<posy>0</posy>
							<width>280</width>
							<height>78</height>
							<font>size18</font>
							<scroll>false</scroll>
							<info>ListItem.Comment</info>
						</control>
					</focusedlayout>
				</control>
				<control type="group" description="Footer">
					<posx>60</posx>
					<posy>1008</posy>
					<control type="image" description="Bottom split">
						<posx>0</posx>
						<posy>-9</posy>
						<width>1800</width>
						<height>2</height>
						<texture>img/LineST.png</texture>
					</control>
					<control type="label">
						<posx>0</posx>
						<posy>0</posy>
						<width>1740</width>
						<height>40</height>
						<aligny>center</aligny>
						<align>left</align>
						<scroll>false</scroll>
						<label>[COLOR=White]$INFO[ListItem.Label][/COLOR]$INFO[ListItem.Duration,  -  ,  -  ]  [COLOR=Grey]$INFO[ListItem.StartTime,( ,  -  ]$INFO[ListItem.EndTime,, )][/COLOR]</label>
					</control>
					<control type="label">
						<description>Next timer date</description>
						<posx>60r</posx>
						<posy>0</posy>
						<width>1515</width>
						<height>45</height>
						<align>right</align>
						<scroll>true</scroll>
						<label>$INFO[PVR.NextTimer]</label>
						<visible>PVR.HasTimer</visible>
					</control>
				</control>
			</control>
		</control>
		<include>PVRSideBlade</include>
	</controls>
</window>
