<?xml version="1.0" encoding="UTF-8"?>
<window>
	<defaultcontrol always="true">3000</defaultcontrol>
	<controls>
		<include>FullBackground</include>
		<include>Header</include>
		<control type="image" description="Sidebar">
			<left>0</left>
			<top>0</top>
			<width>471</width>
			<height>1080</height>
			<aspectratio>stretch</aspectratio>
			<texture>img/Sidebar.png</texture>
		</control>
		<control type="list" id="3000" description="Left panel - categories">
			<posx>40</posx>
			<posy>165</posy>
			<width>420</width>
			<height>900</height>
			<itemgap>9</itemgap>
			<onright>3001</onright>
			<onup>3000</onup>
			<ondown>3000</ondown>
			<orientation>vertical</orientation>
			<itemlayout width="415" height="80">
				<control type="image">
					<width>390</width>
					<height>70</height>
					<texture border="4">img/SettingsButtonNF.png</texture>
					<aspectratio>stretch</aspectratio>
				</control>
				<control type="label">
					<width>390</width>
					<height>70</height>
					<textoffsetx>20</textoffsetx>
					<align>left</align>
					<aligny>center</aligny>
					<font>size23</font>
					<info>ListItem.Label</info>
				</control>
			</itemlayout>
			<focusedlayout width="415" height="80">
				<control type="image">
					<width>390</width>
					<height>70</height>
					<texture border="4">img/SettingsButtonFO.png</texture>
					<animation effect="fade" start="100" end="70" time="10" condition="!Control.HasFocus(3000)">Conditional</animation>
					<aspectratio>stretch</aspectratio>
				</control>
				<control type="label">
					<width>390</width>
					<height>70</height>
					<textoffsetx>20</textoffsetx>
					<align>left</align>
					<aligny>center</aligny>
					<font>size23</font>
					<textcolor>HL</textcolor>
					<info>ListItem.Label</info>
				</control>
			</focusedlayout>
			<content>
				<item id="3101" description="General">
					<label>$LOCALIZE[31100]</label>
					<onclick>noop</onclick>
				</item>
				<item id="3104" description="Homepage">
					<label>$LOCALIZE[31102]</label>
					<onclick>noop</onclick>
				</item>
				<item id="3103" description="Menus">
					<label>$LOCALIZE[31181]</label>
					<onclick>noop</onclick>
				</item>
				<item id="3107" description="Player">
					<label>$LOCALIZE[16003]</label>
					<onclick>noop</onclick>
				</item>
				<item id="3102" description="Icons">
					<visible>true</visible>
					<label>$LOCALIZE[14302]</label>
					<onclick>noop</onclick>
				</item>
				<item id="3108" description="Views">
					<visible>true</visible>
					<label>$LOCALIZE[31101]</label>
					<onclick>noop</onclick>
				</item>
				<item id="3105" description="Advanced">
					<label>$LOCALIZE[31104]</label>
					<onclick>noop</onclick>
				</item>
				<item id="3106" description="About">
					<label>$LOCALIZE[31105]</label>
					<onclick>noop</onclick>
				</item>
				<item id="3109" description="Reset">
					<label>$LOCALIZE[13007]</label>
					<onclick>noop</onclick>
				</item>
			</content>
		</control>
		<control type="group" id="3001" description="Right panel">
			<posx>540</posx>
			<posy>165</posy>
			<width>1380</width>
			<height>768</height>
			<control type="grouplist" id="3010" description="General">
				<visible>Container(3000).HasFocus(3101)</visible>
				<width>1280</width>
				<height>769</height>
				<onleft>3000</onleft>
				<onright>60</onright>
				<pagecontrol>60</pagecontrol>
				<scrolltime tween="sine" easing="inout">280</scrolltime>
				<control type="radiobutton" id="3100" description="_AutoScrollOff">
					<include>SkinSettingsButton</include>
					<label>$LOCALIZE[31107]</label>
					<onclick>Skin.ToggleSetting(_AutoScrollOff)</onclick>
					<selected>Skin.HasSetting(_AutoScrollOff)</selected>
					<radioposx>1210</radioposx>
				</control>
				<control type="radiobutton" id="3101" description="Scrollbars">
					<include>SkinSettingsButton</include>
					<label>$LOCALIZE[31109]</label>
					<onclick>Skin.ToggleSetting(_ScrollbarsOff)</onclick>
					<selected>Skin.HasSetting(_ScrollbarsOff)</selected>
					<radioposx>1210</radioposx>
				</control>
				<control type="radiobutton" id="3102" description="Hide fanart">
					<include>SkinSettingsButton</include>
					<label>$LOCALIZE[31121]</label>
					<onclick>Skin.ToggleSetting(HideFanart)</onclick>
					<selected>Skin.HasSetting(HideFanart)</selected>
					<radioposx>1210</radioposx>
				</control>
				<control type="button" id="3103" description="Fanart visibility">
					<!--<visible>!Skin.HasSetting(HideFanart)</visible>-->
					<include>SkinSettingsButton</include>
					<label>$LOCALIZE[31123]</label>
					<label2>$INFO[Skin.String(FanartVisibility)]</label2>
					<onclick>Skin.SetNumeric(FanartVisibility,207)</onclick>
				</control>
				<control type="button" id="3104" description="Weather fanart chooser">
					<label>$LOCALIZE[31137]</label>
					<label2>$INFO[Skin.String(WeatherFanart.name)]</label2>
					<include>SkinSettingsButton</include>
					<onclick condition="System.AddonIsEnabled(script.image.resource.select)">RunScript(script.image.resource.select,property=WeatherFanart&amp;type=resource.images.weatherfanart)</onclick>
					<onclick condition="System.HasAddon(script.image.resource.select) + !System.AddonIsEnabled(script.image.resource.select)">EnableAddon(script.image.resource.select)</onclick>
					<onclick condition="!System.HasAddon(script.image.resource.select)">InstallAddon(script.image.resource.select)</onclick>
				</control>
				<control type="radiobutton" id="3108" description="Show Weather">
					<include>SkinSettingsButton</include>
					<label>$LOCALIZE[20084]</label>
					<onclick>Skin.ToggleSetting(ShowWeather)</onclick>
					<selected>Skin.HasSetting(ShowWeather)</selected>
					<radioposx>1210</radioposx>
				</control>
				<control type="radiobutton" id="3106" description="Show Clock">
					<include>SkinSettingsButton</include>
					<label>$LOCALIZE[31111]</label>
					<onclick>Skin.ToggleSetting(ShowClock)</onclick>
					<selected>Skin.HasSetting(ShowClock)</selected>
					<radioposx>1210</radioposx>
				</control>
				<control type="button" id="3107" description="Quit button function">
					<include>SkinSettingsButton</include>
					<label>$LOCALIZE[31115]</label>
					<label2>$VAR[QuitLabel2]</label2>
					<onclick>ActivateWindow(1114)</onclick>
				</control>
				<control type="button" id="3120" description="Reset section">
					<include>SkinSettingsButton</include>
					<label>$LOCALIZE[31117]</label>
					<onclick>Skin.Reset(_AutoScrollOff)</onclick>
					<onclick>Skin.Reset(_ScrollbarsOff)</onclick>
					<onclick>Skin.Reset(ShowClock)</onclick>
					<onclick>Skin.Reset(ShowWeather)</onclick>
					<onclick>Skin.Reset(ViewOptions_Hide)</onclick>
					<onclick>Skin.Reset(HideFanart)</onclick>
					<onclick>Skin.Reset(FanartVisibility)</onclick>
					<onclick>Skin.Reset(shutdown)</onclick>
				</control>
			</control>
			<control type="grouplist" id="3080" description="Views">
				<visible>Container(3000).HasFocus(3108)</visible>
				<width>1280</width>
				<height>900</height>
				<onleft>3000</onleft>
				<pagecontrol>3001</pagecontrol>
				<scrolltime tween="sine" easing="inout">280</scrolltime>
				<control type="radiobutton" id="3800" description="Wide">
					<enable>!Skin.HasSetting(LowPowerMode)</enable>
					<include>SkinSettingsButton</include>
					<label>$LOCALIZE[24021] [LOWERCASE]$LOCALIZE[24140][/LOWERCASE]: $LOCALIZE[539]</label>
					<onclick>Skin.ToggleSetting(Disable55)</onclick>
					<selected>Skin.HasSetting(Disable55)</selected>
					<radioposx>1210</radioposx>
				</control>
				<control type="radiobutton" id="3801" description="Panel">
					<enable>!Skin.HasSetting(LowPowerMode)</enable>
					<include>SkinSettingsButton</include>
					<label>$LOCALIZE[24021] [LOWERCASE]$LOCALIZE[24140][/LOWERCASE]: $LOCALIZE[31178]</label>
					<onclick>Skin.ToggleSetting(Disable502)</onclick>
					<selected>Skin.HasSetting(Disable502)</selected>
					<radioposx>1210</radioposx>
				</control>
				<control type="radiobutton" id="3802" description="Icons">
					<enable>!Skin.HasSetting(LowPowerMode)</enable>
					<include>SkinSettingsButton</include>
					<label>$LOCALIZE[24021] [LOWERCASE]$LOCALIZE[24140][/LOWERCASE]: $LOCALIZE[14302]</label>
					<onclick>Skin.ToggleSetting(Disable53)</onclick>
					<selected>Skin.HasSetting(Disable53)</selected>
					<radioposx>1210</radioposx>
				</control>
				<control type="radiobutton" id="3803" description="Big icons">
					<enable>!Skin.HasSetting(LowPowerMode)</enable>
					<include>SkinSettingsButton</include>
					<label>$LOCALIZE[24021] [LOWERCASE]$LOCALIZE[24140][/LOWERCASE]: $LOCALIZE[538]</label>
					<onclick>Skin.ToggleSetting(Disable501)</onclick>
					<selected>Skin.HasSetting(Disable501)</selected>
					<radioposx>1210</radioposx>
				</control>
				<control type="radiobutton" id="3804" description="Fanart 1">
					<include>SkinSettingsButton</include>
					<label>$LOCALIZE[24021] [LOWERCASE]$LOCALIZE[24140][/LOWERCASE]: $LOCALIZE[20445] $LOCALIZE[12311]</label>
					<onclick>Skin.ToggleSetting(Disable57)</onclick>
					<selected>Skin.HasSetting(Disable57)</selected>
					<radioposx>1210</radioposx>
				</control>
				<control type="radiobutton" id="3805" description="Fanart 2">
					<include>SkinSettingsButton</include>
					<label>$LOCALIZE[24021] [LOWERCASE]$LOCALIZE[24140][/LOWERCASE]: $LOCALIZE[20445] $LOCALIZE[12312]</label>
					<onclick>Skin.ToggleSetting(Disable59)</onclick>
					<selected>Skin.HasSetting(Disable59)</selected>
					<radioposx>1210</radioposx>
				</control>
				<control type="radiobutton" id="3806" description="Fanart 3">
					<enable>!Skin.HasSetting(LowPowerMode)</enable>
					<include>SkinSettingsButton</include>
					<label>$LOCALIZE[24021] [LOWERCASE]$LOCALIZE[24140][/LOWERCASE]: $LOCALIZE[20445] $LOCALIZE[12313]</label>
					<onclick>Skin.ToggleSetting(Disable500)</onclick>
					<selected>Skin.HasSetting(Disable500)</selected>
					<radioposx>1210</radioposx>
				</control>
				<control type="button" id="3807" description="Select all">
					<include>SkinSettingsButton</include>
					<label>$LOCALIZE[188] [LOWERCASE]$LOCALIZE[31101][/LOWERCASE]</label>
					<onclick condition="!Skin.HasSetting(Disable53)">Skin.ToggleSetting(Disable53)</onclick>
					<onclick condition="!Skin.HasSetting(Disable55)">Skin.ToggleSetting(Disable55)</onclick>
					<onclick condition="!Skin.HasSetting(Disable57)">Skin.ToggleSetting(Disable57)</onclick>
					<onclick condition="!Skin.HasSetting(Disable59)">Skin.ToggleSetting(Disable59)</onclick>
					<onclick condition="!Skin.HasSetting(Disable500)">Skin.ToggleSetting(Disable500)</onclick>
					<onclick condition="!Skin.HasSetting(Disable501)">Skin.ToggleSetting(Disable501)</onclick>
					<onclick condition="!Skin.HasSetting(Disable502)">Skin.ToggleSetting(Disable502)</onclick>
				</control>
				<control type="button" id="3820" description="Reset section">
					<include>SkinSettingsButton</include>
					<label>$LOCALIZE[31117]</label>
					<onclick condition="!Skin.HasSetting(LowPowerMode)">Skin.Reset(Disable53)</onclick>
					<onclick condition="!Skin.HasSetting(LowPowerMode)">Skin.Reset(Disable55)</onclick>
					<onclick>Skin.Reset(Disable57)</onclick>
					<onclick>Skin.Reset(Disable59)</onclick>
					<onclick condition="!Skin.HasSetting(LowPowerMode)">Skin.Reset(Disable500)</onclick>
					<onclick condition="!Skin.HasSetting(LowPowerMode)">Skin.Reset(Disable501)</onclick>
					<onclick condition="!Skin.HasSetting(LowPowerMode)">Skin.Reset(Disable502)</onclick>
				</control>
			</control>
			<control type="grouplist" id="3030" description="Menus">
				<visible>Container(3000).HasFocus(3103)</visible>
				<width>1280</width>
				<height>900</height>
				<onleft>3000</onleft>
				<pagecontrol>3001</pagecontrol>
				<scrolltime tween="sine" easing="inout">280</scrolltime>
				<control type="group" id="3303" description="Menu transparency">
					<height>80</height>
					<width>1280</width>
					<control type="list" id="3304">
						<left>0</left>
						<top>0</top>
						<height>80</height>
						<width>1280</width>
						<onup>3320</onup>
						<ondown>3305</ondown>
						<onleft>3000</onleft>
						<scrolltime>0</scrolltime>
						<itemlayout width="1260" height="80"/>
						<focusedlayout width="1260" height="80">
							<control type="image">
								<left>0</left>
								<top>0</top>
								<width>1260</width>
								<height>80</height>
								<texture border="7">img/MediaButton2.png</texture>
								<visible>ControlGroup(3303).HasFocus()</visible>
							</control>
							<control type="label">
								<left>18</left>
								<top>8</top>
								<height>70</height>
								<width>800</width>
								<label>$LOCALIZE[31158]</label>
							</control>
							<control type="label">
								<left>450</left>
								<top>8</top>
								<height>70</height>
								<width>790</width>
								<align>right</align>
								<label fallback="MediumLow">$INFO[ListItem.Label]</label>
							</control>
						</focusedlayout>
						<content>
							<item>
								<label>$LOCALIZE[351]</label>
								<onclick>Skin.Reset(MenuOff)</onclick>
								<onclick>Skin.SetBool(MenuLow)</onclick>
								<visible>Skin.HasSetting(MenuOff)</visible>
							</item>
							<item>
								<label>$LOCALIZE[391]</label>
								<onclick>Skin.Reset(MenuLow)</onclick>
								<onclick>Skin.SetBool(MenuMedLow)</onclick>
								<visible>Skin.HasSetting(MenuLow)</visible>
							</item>
							<item>
								<label>$LOCALIZE[392]$LOCALIZE[391]</label>
								<onclick>Skin.Reset(MenuMedLow)</onclick>
								<onclick>Skin.SetBool(MenuMed)</onclick>
								<visible>Skin.HasSetting(MenuMedLow) | 
									[!Skin.HasSetting(MenuOff) + !Skin.HasSetting(MenuLow) + !Skin.HasSetting(MenuMed) 
									 + !Skin.HasSetting(MenuMedHigh)+ !Skin.HasSetting(MenuHigh)]
								</visible>
							</item>
							<item>
								<label>$LOCALIZE[392]</label>
								<onclick>Skin.Reset(MenuMed)</onclick>
								<onclick>Skin.SetBool(MenuMedHigh)</onclick>
								<visible>Skin.HasSetting(MenuMed)</visible>
							</item>
							<item>
								<label>$LOCALIZE[392]$LOCALIZE[393]</label>
								<onclick>Skin.Reset(MenuMedHigh)</onclick>
								<onclick>Skin.SetBool(MenuHigh)</onclick>
								<visible>Skin.HasSetting(MenuMedHigh)</visible>
							</item>
							<item>
								<label>$LOCALIZE[393]</label>
								<onclick>Skin.Reset(MenuHigh)</onclick>
								<onclick>Skin.SetBool(MenuOff)</onclick>
								<visible>Skin.HasSetting(MenuHigh)</visible>
							</item>
						</content>
					</control>
				</control>
				<control type="group" id="3305" description="OSD transparency">
					<height>80</height>
					<width>1280</width>
					<control type="list" id="3306">
						<left>0</left>
						<top>0</top>
						<height>80</height>
						<width>1280</width>
						<onup>3303</onup>
						<ondown>3300</ondown>
						<onleft>3000</onleft>
						<scrolltime>0</scrolltime>
						<itemlayout width="1260" height="80"/>
						<focusedlayout width="1260" height="80">
							<control type="image">
								<left>0</left>
								<top>0</top>
								<width>1260</width>
								<height>80</height>
								<texture border="7">img/MediaButton2.png</texture>
								<visible>ControlGroup(3305).HasFocus()</visible>
							</control>
							<control type="label">
								<left>18</left>
								<top>8</top>
								<height>70</height>
								<width>800</width>
								<label>$LOCALIZE[31160]</label>
							</control>
							<control type="label">
								<left>450</left>
								<top>8</top>
								<height>70</height>
								<width>790</width>
								<align>right</align>
								<label fallback="MediumHigh">$INFO[ListItem.Label]</label>
							</control>
						</focusedlayout>
						<content>
							<item>
								<label>$LOCALIZE[351]</label>
								<onclick>Skin.Reset(OSDOff)</onclick>
								<onclick>Skin.SetBool(OSDLow)</onclick>
								<visible>Skin.HasSetting(OSDOff)</visible>
							</item>
							<item>
								<label>$LOCALIZE[391]</label>
								<onclick>Skin.Reset(OSDLow)</onclick>
								<onclick>Skin.SetBool(OSDMedLow)</onclick>
								<visible>Skin.HasSetting(OSDLow)</visible>
							</item>
							<item>
								<label>$LOCALIZE[392]$LOCALIZE[391]</label>
								<onclick>Skin.Reset(OSDMedLow)</onclick>
								<onclick>Skin.SetBool(OSDMed)</onclick>
								<visible>Skin.HasSetting(OSDMedLow)</visible>
							</item>
							<item>
								<label>$LOCALIZE[392]</label>
								<onclick>Skin.Reset(OSDMed)</onclick>
								<onclick>Skin.SetBool(OSDMedHigh)</onclick>
								<visible>Skin.HasSetting(OSDMed)</visible>
							</item>
							<item>
								<label>$LOCALIZE[392]$LOCALIZE[393]</label>
								<onclick>Skin.Reset(OSDMedHigh)</onclick>
								<onclick>Skin.SetBool(OSDHigh)</onclick>
								<visible>Skin.HasSetting(OSDMedHigh) 
									| [!Skin.HasSetting(OSDOff) + !Skin.HasSetting(OSDLow) + !Skin.HasSetting(OSDMedLow) 
									+ !Skin.HasSetting(OSDMed) + !Skin.HasSetting(OSDHigh)]
								</visible>
							</item>
							<item>
								<label>$LOCALIZE[393]</label>
								<onclick>Skin.Reset(OSDHigh)</onclick>
								<onclick>Skin.SetBool(OSDOff)</onclick>
								<visible>Skin.HasSetting(OSDHigh)</visible>
							</item>
						</content>
					</control>
				</control>
				<control type="radiobutton" id="3300" description="yesy/no">
					<include>SkinSettingsButton</include>
					<label>$LOCALIZE[31195]</label>
					<onclick>Skin.ToggleSetting(YesNotoNO)</onclick>
					<selected>Skin.HasSetting(YesNotoNO)</selected>
					<radioposx>1210</radioposx>
				</control>
				<control type="radiobutton" id="3301" description="Options dialog">
					<include>SkinSettingsButton</include>
					<label>$LOCALIZE[31113]</label>
					<onclick>Skin.ToggleSetting(ViewOptions_Hide)</onclick>
					<selected>Skin.HasSetting(ViewOptions_Hide)</selected>
					<radioposx>1210</radioposx>
				</control>
				<control type="radiobutton" id="3302" description="disable library update">
					<visible>!Skin.HasSetting(ViewOptions_Hide)</visible>
					<include>SkinSettingsButton</include>
					<label>$LOCALIZE[31197]</label>
					<onclick>Skin.ToggleSetting(LibUpdateOff)</onclick>
					<selected>Skin.HasSetting(LibUpdateOff)</selected>
					<radioposx>1210</radioposx>
				</control>
				<control type="radiobutton" id="3307" description="disable menu animation">
					<enable>!Skin.HasSetting(LowPowerMode)</enable>
					<include>SkinSettingsButton</include>
					<label>$LOCALIZE[31099]</label>
					<onclick>Skin.ToggleSetting(NoMenuAnime)</onclick>
					<selected>Skin.HasSetting(NoMenuAnime)</selected>
					<radioposx>1210</radioposx>
				</control>
				<control type="button" id="3320" description="Reset section">
					<include>SkinSettingsButton</include>
					<label>$LOCALIZE[31117]</label>
					<onclick>Skin.Reset(NoMenuAnime)</onclick>
					<onclick>Skin.Reset(YesNotoNO)</onclick>
					<onclick>Skin.Reset(LibUpdateOff)</onclick>
					<onclick>Skin.Reset(ViewOptions_Hide)</onclick>
					<onclick>Skin.Reset(MenuOff)</onclick>
					<onclick>Skin.Reset(MenuLow)</onclick>
					<onclick>Skin.Reset(MenuMedLow)</onclick>
					<onclick>Skin.Reset(MenuMed)</onclick>
					<onclick>Skin.Reset(MenuMedHigh)</onclick>
					<onclick>Skin.Reset(MenuHigh)</onclick>
					<onclick>Skin.Reset(OSDOff)</onclick>
					<onclick>Skin.Reset(OSDLow)</onclick>
					<onclick>Skin.Reset(OSDMedLow)</onclick>
					<onclick>Skin.Reset(OSDMed)</onclick>
					<onclick>Skin.Reset(OSDMedHigh)</onclick>
					<onclick>Skin.Reset(OSDHigh)</onclick>
				</control>
			</control>
			<control type="grouplist" id="3040" description="Homepage">
				<visible>Container(3000).HasFocus(3104)</visible>
				<width>1280</width>
				<height>900</height>
				<onleft>3000</onleft>
				<pagecontrol>3001</pagecontrol>
				<scrolltime tween="sine" easing="inout">280</scrolltime>
				<control type="button" id="3400" description="Home screen categories">
					<include>SkinSettingsButton</include>
					<label>$LOCALIZE[31126]</label>
					<onclick>ActivateWindow(1116)</onclick>
				</control>
				<control type="button" id="3401" description="Home Menu">
					<include>SkinSettingsButton</include>
					<label>$LOCALIZE[31128]</label>
					<onclick>ActivateWindow(1117)</onclick>
				</control>
				<control type="radiobutton" id="3413" description="Hide media shelves">
					<include>SkinSettingsButton</include>
					<label>$LOCALIZE[31168]</label>
					<onclick>Skin.ToggleSetting(HideMediaShelves)</onclick>
					<selected>Skin.HasSetting(HideMediaShelves)</selected>
					<radioposx>1210</radioposx>
				</control>
				<control type="radiobutton" id="3410" description="Use fanart slideshow">
					<include>SkinSettingsButton</include>
					<label>$LOCALIZE[31169]</label>
					<onclick>Skin.ToggleSetting(UseFanartSlideshow)</onclick>
					<onclick condition="!Skin.HasSetting(UseFanartSlideshow)">Skin.Reset(UseCustomBackground)</onclick>
					<onclick condition="!Skin.HasSetting(UseFanartSlideshow)">Skin.Reset(UseCustomSlideshow)</onclick>
					<selected>Skin.HasSetting(UseFanartSlideshow)</selected>
					<radioposx>1210</radioposx>
				</control>
				<control type="button" id="3411" description="Fanart slideshow source">
					<visible>Skin.HasSetting(UseFanartSlideshow)</visible>
					<include>SkinSettingsButton</include>
					<label>   $LOCALIZE[20445] [LOWERCASE]$LOCALIZE[21870][/LOWERCASE]</label>
					<label2 fallback="$LOCALIZE[31217]">$VAR[FanartSourceLabel2]</label2>
					<onclick>Skin.SelectBool(21870, 31217|FanartSource1, 342|FanartSource2, 20343|FanartSource3, 249|FanartSource4)</onclick>
				</control>
				<control type="button" id="3412" description="Fanart slideshow speed">
					<visible>Skin.HasSetting(UseFanartSlideshow)</visible>
					<include>SkinSettingsButton</include>
					<label>   $LOCALIZE[12378]</label>
					<label2 fallback="$LOCALIZE[31212]">$VAR[FanartTimeLabel2]</label2>
					<onclick>Skin.SelectBool(13603, 31210|FanartTime1, 31211|FanartTime2, 31212|FanartTime3, 31213|FanartTime4, 31214|FanartTime5, 31215|FanartTime6, 31216|FanartTime7)</onclick>
				</control>
				<control type="radiobutton" id="3414" description="Show fanart titles">
					<visible>Skin.HasSetting(UseFanartSlideshow)</visible>
					<include>SkinSettingsButton</include>
					<label>   $LOCALIZE[31172]</label>
					<onclick>Skin.ToggleSetting(ShowFanartSlideshowtitles)</onclick>
					<selected>Skin.HasSetting(ShowFanartSlideshowtitles)</selected>
					<radioposx>1210</radioposx>
				</control>
				<control type="radiobutton" id="3406" description="Use custom slideshow">
					<include>SkinSettingsButton</include>
					<label>$LOCALIZE[31974]</label>
					<onclick>Skin.ToggleSetting(UseCustomSlideshow)</onclick>
					<onclick condition="!Skin.HasSetting(UseCustomSlideshow)">Skin.Reset(UseCustomBackground)</onclick>
					<onclick condition="!Skin.HasSetting(UseCustomSlideshow)">Skin.Reset(UseFanartSlideshow)</onclick>
					<selected>Skin.HasSetting(UseCustomSlideshow)</selected>
					<radioposx>1210</radioposx>
				</control>
				<control type="button" id="3407" description="Custom slideshow folder">
					<visible>Skin.HasSetting(UseCustomSlideshow)</visible>
					<include>SkinSettingsButton</include>
					<label>   $LOCALIZE[31156] [LOWERCASE]$LOCALIZE[19076][/LOWERCASE]:</label>
					<label2>[COLOR=selected]$INFO[Skin.String(CustomSlideshowPath)][/COLOR]</label2>
					<onclick>Skin.SetPath(CustomSlideshowPath)</onclick>
					<enable>Skin.HasSetting(UseCustomSlideshow)</enable>
				</control> 
				<control type="button" id="3408" description="Slideshow speed">
					<visible>Skin.HasSetting(UseCustomSlideshow)</visible>
					<include>SkinSettingsButton</include>
					<label>   $LOCALIZE[12378]</label>
					<label2 fallback="$LOCALIZE[31201]">$VAR[SlideshowTimeLabel2]</label2>
					<onclick>Skin.SelectBool(13603, 31200|ImageTime1, 31201|ImageTime2, 31202|ImageTime3, 31203|ImageTime4, 31204|ImageTime5, 31205|ImageTime6, 31206|ImageTime7)</onclick>
				</control>
				<control type="radiobutton" id="3409" description="Randomise slideshow">
					<visible>Skin.HasSetting(UseCustomSlideshow)</visible>
					<include>SkinSettingsButton</include>
					<label>   $LOCALIZE[13319]</label>
					<onclick>Skin.ToggleSetting(CustomSlideshowRandom)</onclick>
					<selected>Skin.HasSetting(CustomSlideshowRandom)</selected>
					<radioposx>1210</radioposx>
				</control>
				<control type="radiobutton" id="3402" description="Use custom BG">
					<include>SkinSettingsButton</include>
					<label>$LOCALIZE[31154]</label>
					<onclick>Skin.ToggleSetting(UseCustomBackground)</onclick>
					<onclick condition="!Skin.HasSetting(UseCustomBackground)">Skin.Reset(UseCustomSlideshow)</onclick>
					<onclick condition="!Skin.HasSetting(UseCustomSlideshow)">Skin.Reset(UseFanartSlideshow)</onclick>
					<selected>Skin.HasSetting(UseCustomBackground)</selected>
					<radioposx>1210</radioposx>
				</control>
				<control type="button" id="3403" description="Custom BG path">
					<visible>Skin.HasSetting(UseCustomBackground)</visible>
					<include>SkinSettingsButton</include>
					<label>   $LOCALIZE[31156] [LOWERCASE]$LOCALIZE[573][/LOWERCASE]:</label>
					<label2>[COLOR=selected]$INFO[Skin.String(CustomBackgroundPath)][/COLOR]</label2>
					<onclick>Skin.SetImage(CustomBackgroundPath)</onclick>
					<enable>Skin.HasSetting(UseCustomBackground)</enable>
				</control>  
				<control type="radiobutton" id="3405" description="RSS ticker">
					<visible>false</visible>
					<visible>!Skin.HasSetting(LowPowerMode)</visible>
					<include>SkinSettingsButton</include>
					<label>$LOCALIZE[13305]</label>
					<onclick>Skin.ToggleSetting(_ShowRSS)</onclick>
					<onclick condition="!Skin.HasSetting(_ShowRSS)">RunScript(special://skin/scripts/setit.py,action=setkodisetting,setting=lookandfeel.enablerssfeeds,value=true)</onclick>
					<selected>Skin.HasSetting(_ShowRSS)</selected>
					<radioposx>1210</radioposx>
				</control>
			</control>
			<control type="grouplist" id="3070" description="Player">
				<visible>Container(3000).HasFocus(3107)</visible>
				<width>1280</width>
				<height>768</height>
				<onleft>3000</onleft>
				<onright>60</onright>
				<pagecontrol>60</pagecontrol>
				<!--<itemgap>0</itemgap>-->
				<scrolltime tween="sine" easing="inout">280</scrolltime>
				<control type="button" id="3700" description="Music player">
					<enable>false</enable>
					<height>80</height>
					<width>1260</width>
					<textoffsetx>20</textoffsetx>
					<align>center</align>
					<aligny>center</aligny>
					<font>size23</font>
					<label>$LOCALIZE[249] [LOWERCASE]$LOCALIZE[14200][/LOWERCASE]</label>
					<disabledcolor>HL</disabledcolor>
				</control> 
				<control type="radiobutton" id="3701" description="Hide music player fanart">
					<include>SkinSettingsButton</include>
					<label>$LOCALIZE[31166]</label>
					<onclick>Skin.ToggleSetting(_HideMusicPlayerFanart)</onclick>
					<selected>Skin.HasSetting(_HideMusicPlayerFanart)</selected>
					<radioposx>1210</radioposx>
				</control>
				<control type="radiobutton" id="3711" description="Disable animation">
					<visible>true</visible>
					<enable>!Skin.HasSetting(LowPowerMode)</enable>
					<include>SkinSettingsButton</include>
					<label>$LOCALIZE[31106]</label>
					<onclick>Skin.ToggleSetting(NoMusicAnime)</onclick>
					<selected>Skin.HasSetting(NoMusicAnime)</selected>
					<radioposx>1210</radioposx>
				</control>
				<control type="button" id="3704" description="Auto close music osd">
					<include>SkinSettingsButton</include>
					<label>$LOCALIZE[31184]</label>
					<label2>$INFO[skin.string(AutoCloseTimeMusicOSD)] $LOCALIZE[31183]</label2>		
					<onclick>Skin.SetNumeric(AutoCloseTimeMusicOSD)</onclick>
				</control>
				<control type="button" id="3705" description="Video player">
					<enable>false</enable>
					<height>81</height>
					<width>1260</width>
					<textoffsetx>20</textoffsetx>
					<align>center</align>
					<aligny>center</aligny>
					<font>size23</font>
					<label>$LOCALIZE[157] [LOWERCASE]$LOCALIZE[14200][/LOWERCASE]</label>
					<disabledcolor>HL</disabledcolor>
				</control> 
				<control type="radiobutton" id="3712" description="Mute BG sound">
					<include>SkinSettingsButton</include>
					<label>$LOCALIZE[31174]</label>
					<onclick>Skin.ToggleSetting(BGsoundOff)</onclick>
					<selected>Skin.HasSetting(BGsoundOff)</selected>
					<onclick condition="!Skin.HasSetting(BGsoundOff) + Player.HasVideo + !Player.Muted">Mute</onclick>
					<onclick condition="Skin.HasSetting(BGsoundOff) + Player.HasVideo + Player.Muted">Mute</onclick>
					<radioposx>1210</radioposx>
				</control>
				<control type="radiobutton" id="3702" description="Disable BG video">
					<enable>!Skin.HasSetting(LowPowerMode)</enable>
					<include>SkinSettingsButton</include>
					<label>$LOCALIZE[24021] [LOWERCASE]$LOCALIZE[33068][/LOWERCASE] $LOCALIZE[36912]</label>
					<onclick>Skin.ToggleSetting(BGvideoOff)</onclick>
					<selected>Skin.HasSetting(BGvideoOff)</selected>
					<radioposx>1210</radioposx>
				</control>
				<control type="radiobutton" id="3706" description="UseExtInfo">
					<include>SkinSettingsButton</include>
					<label>$LOCALIZE[31188]</label>
					<onclick>Skin.ToggleSetting(UseExtInfo)</onclick>
					<selected>Skin.HasSetting(UseExtInfo)</selected>
					<radioposx>1210</radioposx>
				</control>
				<control type="button" id="3708" description="Auto close video osd">
					<include>SkinSettingsButton</include>
					<label>$LOCALIZE[31184]</label>
					<label2>$INFO[skin.string(AutoCloseTimeVideoOSD)] $LOCALIZE[31183]</label2>		
					<onclick>Skin.SetNumeric(AutoCloseTimeVideoOSD)</onclick>
				</control>
			</control>
			<control type="grouplist" id="3020" description="Icons">
				<visible>Container(3000).HasFocus(3102)</visible>
				<width>1280</width>
				<height>769</height>
				<onleft>3000</onleft>
				<onright>60</onright>
				<pagecontrol>60</pagecontrol>
				<scrolltime tween="sine" easing="inout">280</scrolltime>
				<control type="radiobutton" id="3200" description="3D icons">
					<include>SkinSettingsButton</include>
					<label>$LOCALIZE[31219]</label>
					<onclick>Skin.ToggleSetting(Hide3D)</onclick>
					<selected>Skin.HasSetting(Hide3D)</selected>
					<radioposx>1210</radioposx>
				</control>	
				<control type="radiobutton" id="3201" description="HD icons">
					<include>SkinSettingsButton</include>
					<label>$LOCALIZE[31220]</label>
					<onclick>Skin.ToggleSetting(HideHD)</onclick>
					<selected>Skin.HasSetting(HideHD)</selected>
					<radioposx>1210</radioposx>
				</control>				
				<control type="radiobutton" id="3202" description="TV logos">
					<include>SkinSettingsButton</include>
					<label>$LOCALIZE[31221]</label>
					<onclick>Skin.ToggleSetting(HideChannelLogos)</onclick>
					<selected>Skin.HasSetting(HideChannelLogos)</selected>
					<radioposx>1210</radioposx>
				</control>	
				<control type="radiobutton" id="3203" description="KODI logos">
					<include>SkinSettingsButton</include>
					<label>$LOCALIZE[31222]</label>
					<onclick>Skin.ToggleSetting(HideKodiLogo)</onclick>
					<selected>Skin.HasSetting(HideKodiLogo)</selected>
					<radioposx>1210</radioposx>
				</control>	
				<control type="radiobutton" id="3204" description="Movie sets icons">
					<include>SkinSettingsButton</include>
					<label>$LOCALIZE[31223]</label>
					<onclick>Skin.ToggleSetting(HideSetsIcon)</onclick>
					<selected>Skin.HasSetting(HideSetsIcon)</selected>
					<radioposx>1210</radioposx>
				</control>					
				<control type="radiobutton" id="3205" description="Watched progress indicators">
					<include>SkinSettingsButton</include>
					<label>$LOCALIZE[31170]</label>
					<onclick>Skin.ToggleSetting(_ShowWatched)</onclick>
					<selected>Skin.HasSetting(_ShowWatched)</selected>
					<radioposx>1210</radioposx>
				</control>
				<control type="radiobutton" id="3206" description="unWatched progress indicators">
					<include>SkinSettingsButton</include>
					<label>$LOCALIZE[31119]</label>
					<onclick>Skin.ToggleSetting(_ShowUnwatched)</onclick>
					<selected>Skin.HasSetting(_ShowUnwatched)</selected>
					<radioposx>1210</radioposx>
				</control>
				<control type="button" id="3220" description="Reset section">
					<include>SkinSettingsButton</include>
					<label>$LOCALIZE[31117]</label>
					<onclick>Skin.Reset(Hide3D)</onclick>
					<onclick>Skin.Reset(HideHD)</onclick>
					<onclick>Skin.Reset(HideChannelLogos)</onclick>
					<onclick>Skin.Reset(HideKodiLogo)</onclick>
					<onclick>Skin.Reset(HideSetsIcon)</onclick>
					<onclick>Skin.Reset(_ShowUnwatched)</onclick>
					<onclick>Skin.Reset(_ShowWatched)</onclick>
				</control>
			</control>
			<control type="grouplist" id="3050" description="Advanced">
				<visible>Container(3000).HasFocus(3105)</visible>
				<width>1280</width>
				<height>900</height>
				<onleft>3000</onleft>
				<pagecontrol>3001</pagecontrol>
				<scrolltime tween="sine" easing="inout">280</scrolltime>
				<control type="button" id="3504" description="Reload Skin">
					<include>SkinSettingsButton</include>
					<label>$LOCALIZE[31972]</label>
					<onclick>ReloadSkin()</onclick>
				</control>
				<control type="radiobutton" id="3501" description="Debug logging">
					<include>SkinSettingsButton</include>
					<label>$LOCALIZE[20191]</label>
					<onclick>ToggleDebug</onclick>
					<selected>System.GetBool(debug.showloginfo)</selected>
					<radioposx>1210</radioposx>
				</control>				
				<control type="radiobutton" id="3500" description="Debug">
					<include>SkinSettingsButton</include>
					<label>$LOCALIZE[31130]</label>
					<onclick>Skin.ToggleSetting(DebugInfo)</onclick>
					<selected>Skin.HasSetting(DebugInfo)</selected>
					<radioposx>1210</radioposx>
				</control>
				<control type="radiobutton" id="3506" description="Debug grid">
					<include>SkinSettingsButton</include>
					<label>$LOCALIZE[31185]</label>
					<onclick>Skin.ToggleSetting(_DebugGrid)</onclick>
					<selected>Skin.HasSetting(_DebugGrid)</selected>
					<radioposx>1210</radioposx>
				</control>
				<control type="radiobutton" id="3508" description="low power mode (depricated 6-2024)">
					<visible>false</visible>
					<include>SkinSettingsButton</include>
					<label>$LOCALIZE[31152]</label>
					<onclick>Skin.ToggleSetting(LowPowerMode)</onclick>
					<selected>Skin.HasSetting(LowPowerMode)</selected>
					<onclick condition="false + !Skin.HasSetting(LowPowerMode) + !Skin.HasSetting(BGvideoOff)">Skin.ToggleSetting(BGvideoOff)</onclick>
					<onclick condition="!Skin.HasSetting(LowPowerMode) + !Skin.HasSetting(NoMenuAnime)">Skin.ToggleSetting(NoMenuAnime)</onclick>
					<onclick condition="!Skin.HasSetting(LowPowerMode) + !Skin.HasSetting(NoMusicAnime)">Skin.ToggleSetting(NoMusicAnime)</onclick>
					<onclick condition="!Skin.HasSetting(LowPowerMode) + !Skin.HasSetting(Disable53)">Skin.ToggleSetting(Disable53)</onclick>
					<onclick condition="!Skin.HasSetting(LowPowerMode) + !Skin.HasSetting(Disable55)">Skin.ToggleSetting(Disable55)</onclick>
					<onclick condition="!Skin.HasSetting(LowPowerMode) + !Skin.HasSetting(Disable500)">Skin.ToggleSetting(Disable500)</onclick>
					<onclick condition="!Skin.HasSetting(LowPowerMode) + !Skin.HasSetting(Disable501)">Skin.ToggleSetting(Disable501)</onclick>
					<onclick condition="!Skin.HasSetting(LowPowerMode) + !Skin.HasSetting(Disable502)">Skin.ToggleSetting(Disable502)</onclick>
					<onclick condition="!Skin.HasSetting(LowPowerMode) + Skin.HasSetting(_ShowRSS)">Skin.ToggleSetting(_ShowRSS)</onclick>					
					<onclick condition="false + Skin.HasSetting(LowPowerMode) + Skin.HasSetting(BGvideoOff)">Skin.Reset(BGvideoOff)</onclick>
					<onclick condition="Skin.HasSetting(LowPowerMode) + Skin.HasSetting(NoMenuAnime)">Skin.Reset(NoMenuAnime)</onclick>
					<onclick condition="Skin.HasSetting(LowPowerMode) + Skin.HasSetting(NoMusicAnime)">Skin.Reset(NoMusicAnime)</onclick>
					<onclick condition="Skin.HasSetting(LowPowerMode) + Skin.HasSetting(Disable53)">Skin.Reset(Disable53)</onclick>
					<onclick condition="Skin.HasSetting(LowPowerMode) + Skin.HasSetting(Disable55)">Skin.Reset(Disable55)</onclick>
					<onclick condition="Skin.HasSetting(LowPowerMode) + Skin.HasSetting(Disable500)">Skin.Reset(Disable500)</onclick>
					<onclick condition="Skin.HasSetting(LowPowerMode) + Skin.HasSetting(Disable501)">Skin.Reset(Disable501)</onclick>
					<onclick condition="Skin.HasSetting(LowPowerMode) + Skin.HasSetting(Disable502)">Skin.Reset(Disable502)</onclick>
					<radioposx>1210</radioposx>
				</control>				
			</control>
			<control type="grouplist" id="3060" description="About">
				<visible>Container(3000).HasFocus(3106)</visible>
				<width>1280</width>
				<height>900</height>
				<onleft>3000</onleft>
				<itemgap>0</itemgap>
				<pagecontrol>3001</pagecontrol>
				<scrolltime tween="sine" easing="inout">280</scrolltime>
				<control type="grouplist">
					<control type="label">
						<width>1260</width>
						<height>75</height>
						<label>$LOCALIZE[31150]</label>
						<align>center</align>
						<textcolor>HL</textcolor>
						<font>size23</font>
					</control>
					<control type="label">
						<width>1335</width>
						<height>75</height>
						<label>[COLOR grey]$LOCALIZE[31143][/COLOR] $INFO[System.AddonTitle(skin.quartz)]</label>
						<font>size23</font>
					</control>
					<control type="label">
						<width>1335</width>
						<height>75</height>
						<label>[COLOR grey]$LOCALIZE[31144][/COLOR] $INFO[System.AddonVersion(skin.quartz)]</label>
						<font>size23</font>
					</control>
					<control type="label">
						<width>1335</width>
						<height>75</height>
						<label>[COLOR grey]$LOCALIZE[166] [LOWERCASE]$LOCALIZE[15111][/LOWERCASE]:[/COLOR] $INFO[Skin.CurrentTheme]</label>
						<font>size23</font>
					</control>
					<control type="label">
						<width>1335</width>
						<height>75</height>
						<label>[COLOR grey]$LOCALIZE[737] [LOWERCASE]$LOCALIZE[15111][/LOWERCASE]:[/COLOR] $INFO[Skin.CurrentColourTheme]</label>
						<font>size23</font>
					</control>
					<control type="label">
						<width>1335</width>
						<height>75</height>
						<label>[COLOR grey]$LOCALIZE[13287][/COLOR] $INFO[System.ScreenMode]</label>
						<font>size23</font>
					</control>
					<control type="label">
						<width>1260</width>
						<height>75</height>
						<label>$LOCALIZE[31151]</label>
						<align>center</align>
						<textcolor>HL</textcolor>
						<font>size23</font>
					</control>
					<control type="label">
						<width>1535</width>
						<height>75</height>
						<label>[COLOR grey]$LOCALIZE[31147][/COLOR] $LOCALIZE[31207]</label>
						<font>size23</font>
					</control>
					<control type="label">
						<width>1535</width>
						<height>75</height>
						<label>[COLOR grey]$LOCALIZE[31148][/COLOR] $LOCALIZE[31208]</label>
						<font>size23</font>
					</control>
					<control type="label">
						<width>1535</width>
						<height>75</height>
						<label>[COLOR grey]$LOCALIZE[31149][/COLOR] $LOCALIZE[31209]</label>
						<font>size23</font>
					</control>
				</control>
			</control>
			<control type="grouplist" id="3090" description="Reset">
				<visible>Container(3000).HasFocus(3109)</visible>
				<width>1280</width>
				<height>900</height>
				<onleft>3000</onleft>
				<pagecontrol>3001</pagecontrol>
				<scrolltime tween="sine" easing="inout">280</scrolltime>
				<control type="button" id="3900" description="Reset Skin">
					<include>SkinSettingsButton</include>
					<label>$LOCALIZE[31141]</label>
					<onclick>Skin.ResetSettings</onclick>
					<onclick>ReloadSkin()</onclick>
				</control>
			</control>			
		</control>
		<control type="scrollbar" id="60">
			<visible>$EXP[isEnabledScrollbar]</visible>
			<right>35</right>
			<top>165</top>
			<height>769</height>
			<onleft condition="Container(3000).HasFocus(3107)">3070</onleft>   
			<visible allowhiddenfocus="false">Container(3000).HasFocus(3107)</visible>
		</control>		
		<control type="textbox">
			<left>560</left>
			<top>960</top>
			<width>1300</width>
			<height>150</height>
			<font>size20</font>
			<textcolor>HL</textcolor>
			<label>$VAR[SkinSettingHelp]</label>
		</control>
		<control type="image"  description="Reset Skin icon">
			<posx>1728</posx>
			<posy>174</posy>
			<visible>Control.HasFocus(3900)</visible>
			<height>60</height>
			<width>60</width>
			<aspectratio>keep</aspectratio>
			<texture colordiffuse="HL">DefaultIconWarning.png</texture>
		</control>
	</controls>
</window>
