<?xml version="1.0" encoding="UTF-8"?>
<timers>
    <timer>
        <name>dismiss_video_osd</name>
        <description>auto close the video OSD</description>
        <start reset="true">Window.IsActive(videoosd) + Integer.IsGreater(Skin.Numeric(AutoCloseTimeVideoOSD), 0) + !String.IsEqual(window(home).Property(settingslist_content),osd) + !Window.IsActive(osdsubtitlesettings) + !Window.IsActive(osdaudiosettings)+ !Window.IsActive(osdvideosettings) + !Window.IsActive(videobookmarks) + !Window.IsActive(OSDCMSSettings)</start>
		<reset>Window.IsActive(videoosd) + !System.IdleTime(1) + Integer.IsGreaterOrEqual(Skin.TimerElapsedSecs(dismiss_video_osd), 1) | String.IsEqual(window(home).Property(settingslist_content),osd) | Window.IsActive(osdsubtitlesettings) | Window.IsActive(osdaudiosettings) | Window.IsActive(osdvideosettings) | Window.IsActive(videobookmarks) | Window.IsActive(OSDCMSSettings)</reset>
		<stop>!Window.IsActive(videoosd) | Integer.IsGreater(Skin.Numeric(AutoCloseTimeVideoOSD), 0) +  Integer.IsGreaterOrEqual(Skin.TimerElapsedSecs(dismiss_video_osd),Skin.Numeric(AutoCloseTimeVideoOSD))</stop>
        <onstop>Dialog.Close(videoosd)</onstop>
    </timer>
    <timer>
        <name>dismiss_music_osd</name>
        <description>auto close the music OSD</description>
        <start reset="true">Window.IsActive(musicosd) 
		+ Integer.IsGreater(Skin.Numeric(AutoCloseTimeMusicOSD), 0) 
		+ !String.IsEqual(window(home).Property(settingslist_content),osd)</start>
		<reset>Window.IsActive(musicosd) 
		+ !System.IdleTime(1) 
		+ Integer.IsGreaterOrEqual(Skin.TimerElapsedSecs(dismiss_music_osd), 1) 
		| String.IsEqual(window(home).Property(settingslist_content),osd)</reset>
		<stop>!Window.IsActive(musicosd) 
		| Integer.IsGreater(Skin.Numeric(AutoCloseTimeMusicOSD), 0) 
		+ Integer.IsGreaterOrEqual(Skin.TimerElapsedSecs(dismiss_music_osd),Skin.Numeric(AutoCloseTimeMusicOSD))</stop>
        <onstop>Dialog.Close(musicosd)</onstop>
    </timer>
</timers>
