<?xml version="1.0" encoding="UTF-8"?>
<window>
	<defaultcontrol always="true">603</defaultcontrol>
	<onload condition="!Player.PauseEnabled">SetFocus(606)</onload>
	<onunload condition="Player.ShowInfo + !Skin.HasSetting(UseExtInfo)">Info</onunload>
	<zorder>2</zorder>
	<controls>
		<visible>Player.HasMedia</visible>
		<control type="group" description="OSDMenu">
			<animation effect="fade" start="100" end="0" time="200" condition="Window.IsVisible(sliderdialog) | Window.IsVisible(osdsubtitlesettings) | Window.IsVisible(osdvideosettings) | Window.IsVisible(osdaudiosettings) |  Window.IsVisible(videobookmarks)">conditional</animation>
			<control type="group">
				<control type="group">
					<posx>154</posx>
					<posy>843</posy>
					<width>1611</width>
					<height>177</height>
					<control type="group" id="100">
						<width>1185</width>
						<posy>90</posy>
						<height>144</height>
						<itemgap>0</itemgap>
						<orientation>horizontal</orientation>
						<control type="button" id="600">
							<posx>476</posx>
							<width>93</width>
							<height>57</height>
							<texturenofocus>OSD/Stop.png</texturenofocus>
							<texturefocus colordiffuse="HL">OSD/Stop.png</texturefocus>
							<onup>606</onup>
							<onleft>606</onleft>
							<onright condition="Player.SeekEnabled">601</onright>
							<onright condition="!Player.SeekEnabled">606</onright>
							<ondown condition="Player.PauseEnabled">603</ondown>
							<onclick>PlayerControl(Stop)</onclick>
						</control>
						<control type="button" id="601">
							<visible>player.PauseEnabled</visible>
							<posx>568</posx>
							<width>93</width>
							<height>57</height>
							<texturenofocus>OSD/SkipBack.png</texturenofocus>
							<texturefocus colordiffuse="HL">OSD/SkipBack.png</texturefocus>
							<onup>606</onup>
							<onleft>600</onleft>
							<onright>602</onright>
							<onclick>PlayerControl(Previous)</onclick>
						</control>
						<control type="button" id="601">
							<visible>!player.SeekEnabled</visible>
							<posx>568</posx>
							<width>93</width>
							<height>57</height>
							<texturenofocus colordiffuse="gray">OSD/SkipBack.png</texturenofocus>
						</control>
						<control type="button" id="602">
							<visible>player.SeekEnabled</visible>
							<posx>662</posx>
							<width>93</width>
							<height>57</height>
							<texturenofocus>OSD/Rewind.png</texturenofocus>
							<texturefocus colordiffuse="HL">OSD/Rewind.png</texturefocus>
							<onleft>601</onleft>
							<onright>603</onright>
							<onup>606</onup>
							<onclick>PlayerControl(Rewind)</onclick>
						</control>
						<control type="button" id="602">
							<visible>!player.SeekEnabled</visible>
							<posx>662</posx>
							<width>93</width>
							<height>57</height>
							<texturenofocus colordiffuse="gray">OSD/Rewind.png</texturenofocus>
						</control>
						<control type="togglebutton" id="603">
							<visible>player.PauseEnabled</visible>
							<posx>754</posx>
							<width>93</width>
							<height>57</height>
							<texturenofocus>OSD/Play.png</texturenofocus>
							<texturefocus colordiffuse="HL">OSD/Play.png</texturefocus>
							<usealttexture>Player.Playing</usealttexture>
							<alttexturenofocus>OSD/Pause.png</alttexturenofocus>
							<alttexturefocus colordiffuse="HL">OSD/Pause.png</alttexturefocus>
							<onleft>602</onleft>
							<onright>604</onright>
							<onup>606</onup>
							<ondown>600</ondown>
							<onclick>PlayerControl(Play)</onclick>
							<onfocus>ClearProperty(settingslist_content,Home)</onfocus>
						</control>
						<control type="togglebutton" id="603">
							<visible>!player.PauseEnabled</visible>
							<posx>754</posx>
							<width>93</width>
							<height>57</height>
							<texturenofocus colordiffuse="gray">OSD/Play.png</texturenofocus>
							<usealttexture>Player.Playing</usealttexture>
							<alttexturenofocus colordiffuse="gray">OSD/Pause.png</alttexturenofocus>
							<onfocus>ClearProperty(settingslist_content,Home)</onfocus>
						</control>
						<control type="button" id="604">
							<visible>player.SeekEnabled</visible>
							<posx>848</posx>
							<width>93</width>
							<height>57</height>
							<texturenofocus>OSD/FastForward.png</texturenofocus>
							<texturefocus colordiffuse="HL">OSD/FastForward.png</texturefocus>
							<onleft>603</onleft>
							<onright>605</onright>
							<onup>606</onup>
							<onclick>PlayerControl(Forward)</onclick>
						</control>
						<control type="button" id="604">
							<visible>!player.SeekEnabled</visible>
							<posx>848</posx>
							<width>93</width>
							<height>57</height>
							<texturenofocus colordiffuse="gray">OSD/FastForward.png</texturenofocus>
						</control>
						<control type="button" id="605">
							<visible>player.SeekEnabled</visible>
							<posx>940</posx>
							<width>93</width>
							<height>57</height>
							<texturenofocus>OSD/SkipForward.png</texturenofocus>
							<texturefocus colordiffuse="HL">OSD/SkipForward.png</texturefocus>
							<onleft>604</onleft>
							<onright>606</onright>
							<onup>606</onup>
							<onclick>PlayerControl(Next)</onclick>
						</control>
						<control type="button" id="605">
							<visible>!player.SeekEnabled</visible>
							<posx>940</posx>
							<width>93</width>
							<height>57</height>
							<texturenofocus colordiffuse="gray">OSD/SkipForward.png</texturenofocus>
						</control>
						<control type="button" id="606">
							<posx>1034</posx>
							<width>93</width>
							<height>57</height>
							<texturenofocus>OSD/DVD.png</texturenofocus>
							<texturefocus colordiffuse="HL">OSD/DVD.png</texturefocus>
							<onleft condition="Player.SeekEnabled">605</onleft>
							<onleft condition="!Player.SeekEnabled">600</onleft>
							<onright>600</onright>
							<onup condition="Player.PauseEnabled">603</onup>
							<onup condition="!Player.PauseEnabled">600</onup>
							<onclick allowhiddenfocus="true">Control.SetFocus(9000)</onclick>
							<onclick>SetProperty(settingslist_content,osd,home)</onclick>
						</control>
					</control>
				</control>
			</control>
			<control type="group" description="Options content">
				<include>9000Commons</include>
				<visible allowhiddenfocus="true">Control.HasFocus(701) | Control.HasFocus(702) | Control.HasFocus(703) | Control.HasFocus(704) | Control.HasFocus(705) | Control.HasFocus(706)</visible>
				<include>DialogOpenCloseVisible</include>
				<control type="grouplist" id="9000" description="Video OSD Options">
					<include>9000GrouplistParameters</include>
					<visible allowhiddenfocus="true">Control.HasFocus(701) | Control.HasFocus(702) | Control.HasFocus(703) | Control.HasFocus(704) | Control.HasFocus(705) | Control.HasFocus(706)</visible>
					<control type="button" id="701">
						<visible>!VideoPlayer.Content(LiveTV)</visible>
						<include>9000Buttons</include>
						<label>298</label>
						<onclick>ActivateWindow(VideoBookmarks)</onclick>
					</control>
					<control type="button" id="702">
						<include>9000Buttons</include>
						<label>13396</label>
						<onclick>ActivateWindow(OSDAudioSettings)</onclick>
					</control>
					<control type="button" id="703">
						<include>9000Buttons</include>
						<label>24133</label>
						<onclick>ActivateWindow(osdsubtitlesettings)</onclick>
					</control>
					<control type="button" id="704">
						<include>9000Buttons</include>
						<label>13395</label>
						<onclick>ActivateWindow(OSDVideoSettings)</onclick>
					</control>
					<control type="button" id="705" description="Info">
						<visible>!Skin.HasSetting(UseExtInfo)</visible>
						<include>9000Buttons</include>
						<label>20159</label>
						<onclick>Info</onclick>
					</control>
					<control type="button" id="706">
						<include>9000Buttons</include>
						<label>21445</label>
						<onclick>CodecInfo</onclick>
					</control>
				</control>
			</control>
		</control>
	</controls>
</window>
