<?xml version="1.0" encoding="UTF-8"?>
<includes>
	<include name="View_52" description="All Video Views">
		<control type="group" description="Media info ">
			<visible>Control.IsVisible(52)</visible>
			<control type="group" description="NON music info">
				<visible>![container.content(musicvideos) | container.content(movies) | container.content(tvshows) | container.content(seasons)]</visible>
				<include>DefaultInfoThumbs</include>
				<include>DefaultMediaInfo</include>
			</control>
			<control type="group" description="Music videos info">
				<visible>container.content(musicvideos)</visible>
				<control type="group">
					<posy>-220</posy>
					<include>DefaultSquareThumbs</include>
				</control>
				<include>MusicInfo</include>
			</control>
			<control type="group" description="Media info">
				<visible>container.content(movies) | container.content(tvshows) | container.content(seasons)</visible>
				<!--<visible>!String.Contains(ListItem.Path,videodb://movies/sets/)</visible>-->
				<animation effect="fade" time="400">Visible</animation>
				<animation effect="fade" time="0">Hidden</animation>
				<posx>112</posx>
				<posy>-75</posy>
				<control type="group" description="Thumbs with info">
					<posy>193</posy>
					<posx>0</posx>
					<control type="image" description="Thumb">
						<posx>0</posx>
						<posy>0</posy>
						<width>756</width>
						<height>495</height>
						<include>Icon_Fade</include>
						<texture colordiffuse="$VAR[IconColor]" background="true">$VAR[Thumb]</texture>
						<aspectratio aligny="bottom">keep</aspectratio>
						<bordertexture border="12">img/ThumbBorder.png</bordertexture>
						<bordersize>9</bordersize>
					</control>
				</control>
				<control type="group" description="Media info Top">
					<visible>!ListItem.IsParentFolder</visible>
					<posx>0</posx>
					<posy>742</posy>
					<control type="label" description="Main Label">
						<width>750</width>
						<font>size22B</font>
						<textcolor>HL</textcolor>
						<include>Genre51Commons</include>
						<label>$INFO[ListItem.Label]</label>
					</control>
					<control type="image">
						<posx>0</posx>
						<posy>44</posy>
						<height>1</height>
						<width>758</width>
						<texture>img/LineST.png</texture>
					</control>
					<control type="textbox" description="Plot51">
						<include>Plot51Commons</include>
						<label>$VAR[Plots]</label>
					</control>
					<control type="image">
						<posx>0</posx>
						<posy>245</posy>
						<height>1</height>
						<width>758</width>
						<texture>img/LineST.png</texture>
					</control>
				</control>
				<control type="group" description="Media Info Bottom">
					<posx>0</posx>
					<posy>907</posy>
					<visible>!String.Contains(ListItem.Path,videodb://movies/sets/)</visible>
					<control type="label" description="MPAA">
						<posy>90</posy>
						<include>Genre51Commons</include>
						<label>$INFO[ListItem.MPAA]</label>
					</control>
					<control type="grouplist">
						<posx>0</posx>
						<posy>130</posy>
						<width>auto</width>
						<height>33</height>
						<orientation>horizontal</orientation>
						<align>left</align>
						<itemgap>30</itemgap>
						<control type="label" description="Details">
							<height>33</height>
							<width max="735">auto</width>
							<include>Genre51Commons</include>
							<label>$VAR[500TopLabel]$VAR[Trailer, • ]</label>
						</control>
					</control>
					<control type="label" description="Genre">
						<posy>171</posy>
						<include>Genre51Commons</include>
						<label>$INFO[ListItem.Genre]</label>
					</control>
				</control>
			</control>
			<control type="group" description="Slider and List">
				<include>LargeListItemCount</include>
				<posx>1020</posx>
				<posy>141</posy>
				<control type="fixedlist" id="52">
					<visible>container.content(Movies) | container.content(TVshows) | container.content(Seasons) | container.content(episodes) | container.content(musicvideos) | container.content(files)</visible>
					<posx>0</posx>
					<posy>0</posy>
					<width>802</width>
					<height>888</height>
					<pagecontrol>60</pagecontrol>
					<onleft condition="!Skin.HasSetting(ViewOptions_Hide)">9000</onleft>
					<onright condition="$EXP[isEnabledScrollbar] + Integer.IsGreater(Container.NumItems,8)">9001</onright>
					<onup>52</onup>
					<ondown>52</ondown>
					<viewtype label="544">Media info</viewtype>
					<focusposition>3</focusposition>
					<movement>4</movement>
					<preloaditems>4</preloaditems>
					<scrolltime>300</scrolltime>
					<include>LargeListNoThumbFilesLayout</include>
					<include>LargeListMoviesLayout</include>
					<include>LargeListSeasonsTVPostersLayout</include>
					<include>LargeListNoThumbEpisodesLayout</include>
				</control>
				<include>LargeListSlider</include>
			</control>
		</control>
	</include>
</includes>
