<?xml version="1.0" encoding="UTF-8"?>
<includes>
	<include name="View_54" description="All Video Views">
		<control description="Infolist 2 - Movies are animated" type="group">
			<visible>Control.IsVisible(54)</visible>
			<control description="Movies Section" type="group">
				<visible>Container.Content(Movies)</visible>
				<control description="Posters" type="group">
					<posx>60</posx>
					<posy>240</posy>
					<animation condition="!Skin.HasSetting(LowPowerMode) + System.IdleTime(2) + !ListItem.IsParentFolder " easing="in" reversible="false" time="400" center="518,-234" end="62" start="100" effect="zoom">Conditional</animation>
					<animation condition="!Skin.HasSetting(LowPowerMode) + ![System.IdleTime(2) + !ListItem.IsParentFolder ]" easing="in" reversible="false" time="50" center="518,-234" end="100" start="62" effect="zoom">Conditional</animation>
					<animation condition="System.IdleTime(2) + !ListItem.IsParentFolder + !String.IsEmpty(ListItem.Property(fanart_image)) " reversible="false" time="260" end="0" start="100" effect="fade">Conditional</animation>
					<animation condition="![System.IdleTime(2) + !ListItem.IsParentFolder + !String.IsEmpty(ListItem.Property(fanart_image)) ]" reversible="false" time="340" end="100" start="0" effect="fade">Conditional</animation>
					<control description="Thumb Reflection" type="image">
						<visible>false</visible>					
						<visible>!Container.Scrolling</visible>
						<visible>!Skin.HasSetting(LowPowerMode)</visible>
						<posx>180</posx>
						<posy>729</posy>
						<width>495</width>
						<height>729</height>
						<include>Icon_Fade</include>
						<texture flipy="true" diffuse="img/Reflection0Long.png" background="true">$INFO[ListItem.Thumb]</texture> 
						<aspectratio aligny="top">scale</aspectratio>
					</control>
					<control description="Thumb" type="image">
						<posx>180</posx>
						<posy>0</posy>
						<width>495</width>
						<height>729</height>
						<include>Icon_Fade</include>
						<texture colordiffuse="$VAR[IconColor]" background="true">$VAR[Thumb]</texture>
						<aspectratio aligny="bottom">scale</aspectratio>
					</control>
					<control description="Thumb" type="image">
						<visible>!String.IsEmpty(ListItem.Thumb)</visible>
						<posx>180</posx>
						<posy>0</posy>
						<width>495</width>
						<height>729</height>
						<texture border="3">img/CoverOverlay0.png</texture>
						<aspectratio aligny="bottom">stretch</aspectratio>
					</control>
				</control>
				<control description="Fanart" type="group">
					<visible>System.IdleTime(1) + !ListItem.IsParentFolder</visible>
					<posx>114</posx>
					<posy>85</posy>
					<animation condition="System.IdleTime(2)" easing="out" time="1000" end="100" start="0" effect="fade">Conditional</animation>
					<animation condition="!System.IdleTime(2)" time="0" end="0" start="100" effect="fade">Conditional</animation>
					<control description="FA Reflection" type="image">
						<visible>!Skin.HasSetting(LowPowerMode)</visible>
						<posx>0</posx>
						<posy>423</posy>
						<width>756</width>
						<height>423</height>
						<include>Icon_Fade</include>
						<texture flipy="true" diffuse="img/Reflection0.png" background="true">$INFO[ListItem.Property(fanart_image)]</texture> 
						<aspectratio aligny="top">stretch</aspectratio>
					</control>
					<control description="Thumb" type="image">
						<posx>0</posx>
						<posy>0</posy>
						<width>756</width>
						<height>423</height>
						<include>Icon_Fade</include>
						<texture background="true">$INFO[ListItem.Property(fanart_image)]</texture> 
						<aspectratio aligny="bottom">stretch</aspectratio>
					</control>
					<control description="Thumb" type="image">
						<visible>!String.IsEmpty(ListItem.Property(fanart_image))</visible>
						<posx>0</posx>
						<posy>0</posy>
						<width>756</width>
						<height>423</height>
						<texture border="3">img/CoverOverlay0.png</texture>
						<aspectratio>stretch</aspectratio>
					</control>
				</control>
				<control description="Media info" type="group">
					<visible>System.IdleTime(2) + !ListItem.IsParentFolder</visible>
					<animation condition="System.IdleTime(2)" easing="out" time="1000" end="100" start="0" effect="fade">Conditional</animation>
					<animation condition="!System.IdleTime(2)" time="0" end="0" start="100" effect="fade">Conditional</animation>
					<posx>112</posx>
					<posy>-120</posy>
					<control description="Media info Top" type="group">
						<posx>0</posx>
						<posy>690</posy>
						<control description="Main Label" type="label">
							<width>750</width>
							<font>size22B</font>
							<textcolor>HL</textcolor>
							<include>Genre51Commons</include>
							<label>$INFO[ListItem.Label]</label>
						</control>
						<control type="image">
							<posx>0</posx>
							<posy>40</posy>
							<height>1</height>
							<width>758</width>
							<texture>img/LineST.png</texture>
						</control>
						<control description="Plot51" type="textbox">
							<height>252</height>
							<include>Plot51Commons</include>
							<label fallback="31979">$VAR[Plots]</label>
						</control>
						<control type="image">
							<posx>0</posx>
							<posy>311</posy>
							<height>1</height>
							<width>758</width>
							<texture>img/LineST.png</texture>
						</control>
					</control>
					<control type="group" description="Media Info Bottom">
						<posx>0</posx>
						<posy>921</posy>
						<visible>!String.Contains(ListItem.Path,videodb://movies/sets/)</visible>
						<control type="label" description="Detail label">
							<posx>112</posx>
							<posy>90</posy>
							<font>size20</font>
							<width>156</width>
							<height>30</height>
							<align>right</align>
							<label>$LOCALIZE[33029]:</label>
						</control>	
						<control type="label" description="Detail value">
							<posx>134</posx>
							<posy>90</posy>
							<include>Genre51Commons</include>
							<width max="735">auto</width>
							<label>$VAR[500TopLabel]$VAR[Trailer, • ]</label>
						</control>	
						<control type="label" description="Genre label">
							<posx>112</posx>
							<posy>130</posy>
							<font>size20</font>
							<width>156</width>
							<height>30</height>
							<align>right</align>
							<label>$LOCALIZE[515]:</label>
						</control>
						<control type="label" description="Genre value">
							<posx>134</posx>
							<posy>130</posy>
							<width>624</width>
							<include>Genre51Commons</include>
							<label fallback="1446">$INFO[ListItem.Genre]</label>
						</control>
						<control type="label" description="MPAA label">
							<posx>112</posx>
							<posy>171</posy>
							<font>size20</font>
							<width>156</width>
							<height>30</height>
							<align>right</align>
							<label>$LOCALIZE[31053]:</label>
						</control>
						<control type="label" description="MPAA value">
							<posx>134</posx>
							<posy>171</posy>
							<include>Genre51Commons</include>
							<label fallback="1446">$INFO[ListItem.MPAA]</label>
						</control>
					</control>
				</control>
			</control>
			<control description="NON Movies section" type="group">
				<visible>!container.content(movies)</visible>
				<animation time="400" effect="fade">Visible</animation>
				<animation time="0" effect="fade">Hidden</animation>
				<posx>112</posx>
				<posy>-81</posy>
				<control description="FA" type="group">
					<posy>195</posy>
					<posx>0</posx>
					<control description="Reflection" type="image">
						<visible>!Skin.HasSetting(LowPowerMode)</visible>
						<posx>0</posx>
						<posy>426</posy>
						<width>756</width>
						<height>426</height>
						<include>Icon_Fade</include>
						<texture flipy="true" diffuse="img/Reflection0.png" background="true">$INFO[ListItem.Property(fanart_image)]</texture> 
					</control>
					<control description="Thumb" type="image">
						<visible>ListItem.IsParentFolder</visible>
						<posx>180</posx>
						<posy>0</posy>
						<width>495</width>
						<height>729</height>
						<include>Icon_Fade</include>
						<texture colordiffuse="$VAR[IconColor]" background="true">DefaultFolderBack.png</texture>
						<aspectratio aligny="bottom">scale</aspectratio>
					</control>
					<control description="Thumb" type="image">
						<visible>!ListItem.IsParentFolder</visible>
						<posx>0</posx>
						<posy>0</posy>
						<width>756</width>
						<height>426</height>
						<include>Icon_Fade</include>
						<texture background="true">$INFO[ListItem.Property(fanart_image)]</texture>
					</control>
					<control description="Thumb Overlay" type="image">
						<visible>!String.IsEmpty(ListItem.Property(fanart_image))</visible>
						<posx>0</posx>
						<posy>0</posy>
						<width>756</width>
						<height>426</height>
						<texture border="3">img/CoverOverlay0.png</texture>
					</control>
				</control>
				<control description="Media info Top" type="group">
					<visible>!ListItem.IsParentFolder</visible>
					<visible>container.content(tvshows) | container.content(seasons) | container.content(episodes)</visible>
					<posx>0</posx>
					<posy>702</posy>
					<control description="Main Label" type="label">
						<width>750</width>
						<font>size22B</font>
						<textcolor>White2</textcolor>
						<include>Genre51Commons</include>
						<label>$INFO[ListItem.Label]</label>
					</control>
					<control type="image">
						<posx>0</posx>
						<posy>46</posy>
						<height>1</height>
						<width>758</width>
						<texture>img/LineST.png</texture>
					</control>
					<control description="Plot51" type="textbox">
						<height>217</height>
						<include>Plot51Commons</include>
						<label fallback="31979">$VAR[Plots]</label>
					</control>
					<control type="image">
						<posx>0</posx>
						<posy>273</posy>
						<height>1</height>
						<width>758</width>
						<texture>img/LineST.png</texture>
					</control>
				</control>
				<control description="Media Info Bottom" type="group">
					<visible>!ListItem.IsParentFolder</visible>
					<visible>container.content(tvshows) | container.content(seasons) | container.content(episodes)</visible>
					<posx>0</posx>
					<posy>891</posy>
					<control description="MPAA" type="label">
						<posy>90</posy>
						<textcolor>White</textcolor>
						<include>Genre51Commons</include>
						<label>$INFO[ListItem.MPAA,[COLOR=Grey]$LOCALIZE[20074]:[/COLOR] ]</label>
					</control>
					<control description="Genre" type="label">
						<visible>!container.content(episodes)</visible>
						<posy>130</posy>
						<textcolor>White</textcolor>
						<include>Genre51Commons</include>
						<label>$INFO[ListItem.Genre,[COLOR=Grey]$LOCALIZE[515]:[/COLOR] ]</label>
					</control>
					<control description="Genre" type="label">
						<visible>container.content(episodes)</visible>
						<posy>130</posy>
						<textcolor>White</textcolor>
						<include>Genre51Commons</include>
						<label>$INFO[ListItem.RatingAndVotes,[COLOR=Grey]$LOCALIZE[563]:[/COLOR] ]</label>
					</control>
					<control description="Details" type="label">
						<textcolor>White</textcolor>
						<posy>171</posy>
						<include>Genre51Commons</include>
						<label>$VAR[500TopLabel,[COLOR=Grey]$LOCALIZE[33029]:[/COLOR] ]</label>
					</control>
				</control>
				<control type="group">
					<visible>Container.Content(MusicVideos)</visible>
					<include>MusicInfo</include>
				</control>
				<control type="group">
					<visible>![Container.Content(MusicVideos) | container.content(tvshows) | container.content(seasons) | container.content(episodes)]</visible>
					<include>DefaultMediaInfo</include>
				</control>
			</control>
			<control description="Slider and List" type="group">
				<include>LargeListItemCount</include>
				<posx>1020</posx>
				<posy>141</posy>
				<control type="fixedlist" id="54">
					<visible>container.content(files) | container.content(movies) | container.content(tvshows) | container.content(seasons) | container.content(episodes)</visible>
					<posx>0</posx>
					<posy>0</posy>
					<width>802</width>
					<height>888</height>
					<onleft condition="!Skin.HasSetting(ViewOptions_Hide)">9000</onleft>
					<!--<onleft condition="Skin.HasSetting(ViewOptions_Hide)"></onleft>-->
					<onright condition="$EXP[isEnabledScrollbar] + Integer.IsGreater(Container.NumItems,8)">9001</onright>
					<!--<onright condition="!Skin.HasSetting(Scrollbars_Active)"></onright>-->
					<onup>54</onup>
					<ondown>54</ondown>
					<pagecontrol>60</pagecontrol>
					<viewtype label="$LOCALIZE[544] 2">Media info 2</viewtype>
					<focusposition>3</focusposition>
					<movement>4</movement>
					<preloaditems>4</preloaditems>
					<scrolltime easing="inout" tween="sine">280</scrolltime>
					<include>LargeListMoviesLayout</include>
					<include>LargeListMVideosEpisodesLayout</include>
					<include>LargeListFilesLayout</include>
					<include>LargeListSeasonsTVPostersLayout</include>
				</control>
				<include>LargeListSlider</include> 
			</control>
		</control>
	</include>
</includes>
