<?xml version="1.0" encoding="UTF-8"?>
<includes>
	<include name="RecOverlay">
		<control type="image">
			<posx>930</posx>
			<posy>0</posy>
			<width>18</width>
			<height>99</height>
			<texture>OverlayRecording.png</texture>
			<aspectratio>keep</aspectratio>
			<visible>ListItem.IsRecording</visible>
		</control>
	</include>
	<include name="PVRSideBlade">
		<control type="group">
			<animation type="Conditional" condition="![ControlGroup(9000).HasFocus] + !Skin.HasSetting(NoMenuAnime)">
				<effect type="fade" start="100" end="0" time="250" delay="250" />
				<effect type="slide" tween="circle" easing="in" start="0,0" end="-500,0" time="350" />
			</animation>
			<animation type="Conditional" condition="![ControlGroup(9000).HasFocus] + Skin.HasSetting(NoMenuAnime)">
				<effect type="fade" start="100" end="0" time="120"  />
			</animation>
			<control type="image" description="Sidebar">
				<left>-1</left>
				<top>0</top>
				<width>560</width>
				<height>1080</height>
				<aspectratio>stretch</aspectratio>
				<texture colordiffuse="$VAR[MenuTransperancy]" border="0,0,30,0">img/SideBlade.png</texture>
			</control>
			<control type="grouplist" id="9000">
				<posx>18</posx>
				<posy>60</posy>
				<width>520</width>
				<height>1024</height>
				<itemgap>0</itemgap>
				<onleft>9000</onleft>
				<onright>50</onright>
				<onup>9000</onup>
				<ondown>9000</ondown>
				<scrolltime>200</scrolltime>
				<orientation>vertical</orientation>
				<control type="label" id="200">
					<textcolor>HL</textcolor>
					<textoffsetx>10</textoffsetx>
					<align>center</align>
					<include>9000ButtonsBlade</include>
					<label>33063</label>
				</control>
				<control type="button" id="100" description="Channels">
					<include>9000ButtonsBlade</include>
					<label>19019</label>
					<onclick condition="Window.IsActive(TVChannels) | Window.IsActive(RadioChannels)">NextChannelGroup</onclick>
					<onclick condition="String.IsEmpty(Window.Property(IsRadio))">ActivateWindow(TVChannels)</onclick>
					<onclick condition="!String.IsEmpty(Window.Property(IsRadio))">ActivateWindow(RadioChannels)</onclick>
				</control>
				<control type="button" id="101" description="TV Guide">
					<include>9000ButtonsBlade</include>
					<label>22020</label>
					<onclick condition="Window.IsActive(TVGuide) | Window.IsActive(RadioGuide)">NextChannelGroup</onclick>
					<onclick condition="String.IsEmpty(Window.Property(IsRadio))">ActivateWindow(TVGuide)</onclick>
					<onclick condition="!String.IsEmpty(Window.Property(IsRadio))">ActivateWindow(RadioGuide)</onclick>
				</control>
				<control type="button" id="102" description="Recordings">
					<include>9000ButtonsBlade</include>
					<label>19163</label>
					<onclick condition="String.IsEmpty(Window.Property(IsRadio))">ActivateWindow(TVRecordings)</onclick>
					<onclick condition="!String.IsEmpty(Window.Property(IsRadio))">ActivateWindow(RadioRecordings)</onclick>
				</control>
				<control type="button" id="103" description="Timers">
					<include>9000ButtonsBlade</include>
					<label>19040</label>
					<onclick condition="String.IsEmpty(Window.Property(IsRadio))">ActivateWindow(TVTimers)</onclick>
					<onclick condition="!String.IsEmpty(Window.Property(IsRadio))">ActivateWindow(RadioTimers)</onclick>
				</control>
				<control type="button" id="104" description="Search">
					<include>9000ButtonsBlade</include>
					<label>137</label>
					<onclick condition="String.IsEmpty(Window.Property(IsRadio))">ActivateWindow(TVSearch)</onclick>
					<onclick condition="!String.IsEmpty(Window.Property(IsRadio))">ActivateWindow(RadioSearch)</onclick>
				</control>
				<control type="button" id="28" description="Channel Groups">
					<include>9000ButtonsBlade</include>
					<label></label>
				</control>
				<control type="radiobutton" id="5" description="Group recording items by folder structure">
					<include>9000ButtonsBlade</include>
					<label>19270</label>
					<visible>Window.IsActive(TVRecordings) | Window.IsActive(RadioRecordings)</visible>
				</control>
				<control type="button" id="2" description="View As button">
					<visible>false</visible>
					<include>9000ButtonsBlade</include>
					<label></label>
					<enable>!Window.IsActive(MyPVRGuide.xml)</enable>
					<!-- <visible>Window.IsActive(TVGuide) | Window.IsActive(RadioGuide)</visible> -->
				</control>
				<control type="button" id="3" description="Sort by button">
					<include>9000ButtonsBlade</include>
					<label>103</label>
				</control>
				<control type="togglebutton" id="4" description="Sort asc">
					<include>9000ButtonsBlade</include>
					<alttexturefocus border="5">img/MediaButton2.png</alttexturefocus>
					<alttexturenofocus></alttexturenofocus>
					<label>584</label>
					<altlabel>585</altlabel>
					<usealttexture>Container.SortDirection(Ascending)</usealttexture>
				</control>
				<control type="radiobutton" id="31">
					<include>9000ButtonsBlade</include>
					<label>$LOCALIZE[587]</label>
					<selected>Container.Filtered</selected>
					<onclick>right</onclick>
					<visible>Window.IsActive(MyPVRChannels.xml)</visible>
				</control>
				<control type="button" id="105">
					<include>9000ButtonsBlade</include>
					<label>$LOCALIZE[13511]</label>
					<onclick condition="Window.IsActive(MyPVRChannels.xml)">Skin.SetImage(CustomChannelsBackgroundImage)</onclick>
					<onclick condition="Window.IsActive(MyPVRRecordings.xml)">Skin.SetImage(CustomRecordingsBackgroundImage)</onclick>
					<visible>Window.IsActive(MyPVRChannels.xml) | Window.IsActive(MyPVRRecordings.xml)</visible>
				</control>				
			</control>
		</control>
	</include>
	<!-- ID: 10 -->
	<!-- EPG TIMELINE -->
	<include name="EPGTimelineView" description="TV Guide Timeline">
		<control type="group">
			<visible>Control.IsVisible(10)</visible>
			<include>VisibleFadeEffect</include>
			<control type="epggrid" id="10">
				<viewtype label="19032">list</viewtype>
				<posx>10</posx>
				<posy>100</posy>
				<width>1900</width>
				<height>711</height>
				<pagecontrol>10</pagecontrol>
				<scrolltime tween="quadratic" easing="out">300</scrolltime>
				<timeblocks>34</timeblocks>
				<rulerunit>6</rulerunit>
				<onleft>101</onleft>
				<onright>101</onright>
				<onup>10</onup>
				<ondown>10</ondown>
				<!-- <onback>101</onback> -->
				<rulerlayout height="81" width="60">
					<control type="image" id="1" description="Header row">
						<width>60</width>
						<height>81</height>
						<posx>0</posx>
						<posy>0</posy>
						<texture></texture>
					</control>
					<control type="label" id="2">
						<posx>10</posx>
						<posy>0</posy>
						<width>58</width>
						<height>81</height>
						<aligny>center</aligny>
						<align>left</align>
						<font>EPGfont</font>
						<textcolor>HL</textcolor>
						<label>$INFO[ListItem.Label]</label>
					</control>
				</rulerlayout>
				<progresstexture colordiffuse="HL" border="0,96,18,14">img/EPGMarker.png</progresstexture>
				<channellayout height="63" width="310">
					<control type="image" description="Column 1">
						<posx>0</posx>
						<posy>0</posy>
						<width>310</width>
						<height>63</height>
						<bordersize>1</bordersize>
						<texture>img/ListNF.png</texture>
					</control>
					<control type="label">
						<left>4</left>
						<posy>0</posy>
						<width>81</width>
						<height>63</height>
						<font>size17</font>
						<align>right</align>
						<info>ListItem.ChannelNumberLabel</info>
					</control>
					<control type="label" id="1" description="Column 1 selected">
						<posx>96</posx>
						<width>220</width>
						<height>63</height>
						<font>size17</font>
						<label>$INFO[ListItem.ChannelName]</label>
					</control>
				</channellayout>
				<focusedchannellayout height="63" width="310">
					<control type="image" description="Column 1">
						<posx>0</posx>
						<posy>0</posy>
						<width>310</width>
						<height>63</height>
						<bordersize>1</bordersize>
						<texture>img/ListFO.png</texture>
					</control>
					<control type="label" description="Column 1 FO">
						<left>4</left>
						<posy>0</posy>
						<width>81</width>
						<height>63</height>
						<font>size17</font>
						<align>right</align>
						<aligny>center</aligny>
						<textcolor>White2</textcolor>
						<info>ListItem.ChannelNumberLabel</info>
					</control>
					<control type="label" id="1" description="Column 1 Focused">
						<posx>96</posx>
						<width>220</width>
						<height>63</height>
						<font>size17</font>
						<textcolor>White2</textcolor>
						<aligny>center</aligny>
						<align>left</align>
						<label>$INFO[ListItem.ChannelName]</label>
					</control>
				</focusedchannellayout>
				<itemlayout height="63" width="60">
					<control type="image" id="2" description="Row">
						<posx>0</posx>
						<posy>0</posy>
						<width>60</width>
						<height>63</height>
						<bordersize>1</bordersize>
						<texture fallback="pvr_genres/0.png">pvr_genres/$INFO[ListItem.Property(GenreType)].png</texture>
					</control>
					<control type="label" id="1">
						<posx>9</posx>
						<posy>0</posy>
						<width>45</width>
						<height>63</height>
						<font>size18</font>
						<scroll>false</scroll>
						<info>ListItem.Label</info>
					</control>
				</itemlayout>
				<focusedlayout height="63" width="60">
					<control type="image" id="2" description="Row">
						<posx>0</posx>
						<posy>0</posy>
						<width>60</width>
						<height>63</height>
						<texture fallback="pvr_genres/0.png">pvr_genres/$INFO[ListItem.Property(GenreType)].png</texture>
						<bordertexture border="5">img/MediaButton2.png</bordertexture>
					</control>
					<control type="label" id="1">
						<posx>9</posx>
						<posy>0</posy>
						<width>45</width>
						<height>63</height>
						<font>size18</font>
						<textcolor>White2</textcolor>
						<info>ListItem.Label</info>
					</control>
					<control type="label">
						<!--<left>777</left>-->
						<!--<bottom>45</bottom>-->
						<height>30</height>
						<width>135</width>
						<align>left</align>
						<label>$INFO[ListItem.Property(GenreType)]</label>
						<font>size17</font>
						<textcolor>Red</textcolor>
						<visible>Skin.HasSetting(DebugInfo)</visible>
					</control>
				</focusedlayout>
			</control>
			<control type="image" description="Top split">
				<posx>10</posx>
				<posy>165</posy>
				<width>1900</width>
				<height>2</height>
				<texture>img/LineST.png</texture>
			</control>
			<control type="image" description="Middle split">
				<posx>10</posx>
				<posy>825</posy>
				<width>1900</width>
				<height>2</height>
				<texture>img/LineST.png</texture>
			</control>
			<control type="group">
				<posx>0</posx>
				<posy>838</posy>
				<control type="image" description="TV Logo">
					<posx>20</posx>
					<width>288</width>
					<height>234</height>
					<fadetime>160</fadetime>
					<include>Icon_Fade</include>
					<texture>$INFO[ListItem.Icon]</texture>
					<bordertexture border="12">img/ThumbBorder.png</bordertexture>
					<aspectratio>keep</aspectratio>
				</control>
				<control type="label">
					<posx>324</posx>
					<width>1510</width>
					<height>40</height>
					<aligny>center</aligny>
					<align>left</align>
					<scroll>false</scroll>
					<font>size20</font>
					<label>[COLOR=HL]$INFO[ListItem.Label]$INFO[ListItem.EpisodeName, (,)][/COLOR]</label>
				</control>
				<control type="label">
					<posx>324</posx>
					<posy>46</posy>
					<width>1510</width>
					<height>20</height>
					<label>$INFO[ListItem.StartTime]$INFO[ListItem.EndTime, - ]$INFO[ListItem.Season, • $LOCALIZE[20373] ]$INFO[ListItem.Episode, • $LOCALIZE[20359] ]$INFO[ListItem.Genre, • ]</label>
					<font>size16</font>
					<textcolor>Grey3</textcolor>
				</control>
				<control type="textbox" description="Plot Value for TV">
					<posx>324</posx>
					<posy>70</posy>
					<width>1590</width>
					<height>165</height>
					<align>left</align>
					<font>size18</font>
					<textcolor>Silver</textcolor>
					<autoscroll delay="8000" time="4300" repeat="10000">!Skin.HasSetting(_AutoScrollOff)</autoscroll>
					<label>$INFO[ListItem.Plot]</label>
				</control>
			</control>
		</control>
	</include>
	<!-- ID: 11 -->
	<!-- EPG NOW -->
	<include name="LiveTVGuideNowView">
		<control type="group">
			<description>TV Guide Now</description>
			<visible>Control.IsVisible(11)</visible>
			<include>VisibleFadeEffect</include>
			<control type="group">
				<posx>105</posx>
				<posy>90</posy>
				<control type="group" description="Slider and List">
					<include>LargeListItemCount</include>
					<posx>0</posx>
					<posy>60</posy>
					<control type="list" id="11">
						<viewtype label="19030">list</viewtype>
						<posx>0</posx>
						<posy>0</posy>
						<width>1702</width>
						<height>888</height>
						<onleft>101</onleft>
						<onright>76</onright>
						<onup>11</onup>
						<ondown>11</ondown>
						<pagecontrol>76</pagecontrol>
						<focusposition>3</focusposition>
						<movement>4</movement>
						<itemlayout width="1702" height="111">
							<control type="image">
								<posx>0</posx>
								<posy>0</posy>
								<height>111</height>
								<width>1702</width>
								<texture flipy="true" border="3">img/ListNF.png</texture>
							</control>
							<control type="label" description="Number">
								<posx>0</posx>
								<posy>12</posy>
								<height>46</height>
								<width>135</width>
								<textcolor>White2</textcolor>
								<align>center</align>
								<aligny>center</aligny>
								<font>size17</font>
								<label>$INFO[ListItem.StartTime]</label>
							</control>
							<control type="label" description="Number">
								<posx>0</posx>
								<posy>51</posy>
								<height>46</height>
								<width>135</width>
								<textcolor>White2</textcolor>
								<align>center</align>
								<aligny>center</aligny>
								<font>size17</font>
								<label>$INFO[ListItem.EndTime]</label>
							</control>
							<control type="label" description="Main Label">
								<posx>165</posx>
								<width>1425</width>
								<font>size22</font>
								<include>51MainLabel</include>
								<label>[COLOR=Grey2]$INFO[ListItem.ChannelNumberLabel,,. ]$INFO[ListItem.ChannelName][/COLOR]$INFO[ListItem.Label, - ]</label>
							</control>
							<control type="label" description="Label2">
								<posx>165</posx>
								<width>1425</width>
								<include>51Label2</include>
								<label fallback="31979">$INFO[ListItem.Plot]</label>
							</control>
							<control type="image">
								<posx>1620</posx>
								<posy>18</posy>
								<width>75</width>
								<height>75</height>
								<aspectratio>keep</aspectratio>
								<texture>$INFO[ListItem.Thumb]</texture>
							</control>
						</itemlayout>
						<focusedlayout width="1702" height="111">
							<control type="label" description="Number">
								<posx>0</posx>
								<posy>12</posy>
								<height>46</height>
								<width>135</width>
								<textcolor>White2</textcolor>
								<align>center</align>
								<aligny>center</aligny>
								<font>size17</font>
								<label>$INFO[ListItem.StartTime]</label>
							</control>
							<control type="label" description="Number">
								<posx>0</posx>
								<posy>51</posy>
								<height>46</height>
								<width>135</width>
								<textcolor>White2</textcolor>
								<align>center</align>
								<aligny>center</aligny>
								<font>size17</font>
								<label>$INFO[ListItem.EndTime]</label>
							</control>
							<control type="label" description="Main Label">
								<posx>165</posx>
								<width>1425</width>
								<font>size22</font>
								<include>51MainLabelFO</include>
								<label>[COLOR=Grey2]$INFO[ListItem.ChannelNumberLabel,,. ]$INFO[ListItem.ChannelName][/COLOR]$INFO[ListItem.Label, - ]</label>
							</control>
							<control type="label" description="Label2">
								<posx>165</posx>
								<width>1425</width>
								<include>51Label2FO</include>
								<label fallback="31979">$INFO[ListItem.Plot]</label>
							</control>
							<control type="image">
								<posx>1620</posx>
								<posy>18</posy>
								<width>75</width>
								<height>75</height>
								<aspectratio>keep</aspectratio>
								<texture>$INFO[ListItem.Thumb]</texture>
							</control>
						</focusedlayout>
					</control>
					<control type="group" description="Slider">
						<animation condition="Control.HasFocus(60)" effect="slide" start="0,0" end="960,540" time="300" reversible="true">Conditional</animation>
						<animation condition="Control.HasFocus(60)" effect="zoom" start="100" end="0" time="300" reversible="true">Conditional</animation>
						<control type="image">
							<animation effect="fade" time="100">VisibleChange</animation>
							<posx>-24</posx>
							<posy>315</posy>
							<width>1749</width>
							<height>144</height>
							<texture border="26">img/MediaButton2.png</texture>
							<aspectratio>stretch</aspectratio>
						</control>
						<animation condition="Container.Position(0)" effect="slide" start="0,0" end="0,-333" time="180" easing="inout" reversible="true">Conditional</animation>
						<animation condition="Container.Position(1)" effect="slide" start="0,0" end="0,-222" time="180" easing="inout" reversible="true">Conditional</animation>
						<animation condition="Container.Position(2)" effect="slide" start="0,0" end="0,-111" time="180" easing="inout" reversible="true">Conditional</animation>
						<animation condition="Container.Position(3)" effect="slide" start="0,0" end="0,0" time="180" easing="inout" reversible="true">Conditional</animation>
						<animation condition="Container.Position(4)" effect="slide" start="0,0" end="0,111" time="180" easing="inout" reversible="true">Conditional</animation>
						<animation condition="Container.Position(5)" effect="slide" start="0,0" end="0,222" time="180" easing="inout" reversible="true">Conditional</animation>
						<animation condition="Container.Position(6)" effect="slide" start="0,0" end="0,333" time="180" easing="inout" reversible="true">Conditional</animation>
						<animation condition="Container.Position(7)" effect="slide" start="0,0" end="0,444" time="180" easing="inout" reversible="true">Conditional</animation>
						<animation condition="Container.Position(8)" effect="slide" start="0,0" end="0,555" time="180" easing="inout" reversible="true">Conditional</animation>
					</control>
				</control>
			</control>
		</control>
	</include>
	<!-- ID: 12 -->
	<!-- EPG NEXT -->
	<include name="LiveTVGuideNextView">
		<control type="group" description="TV Channels group">
			<visible>Control.IsVisible(12)</visible>
			<include>VisibleFadeEffect</include>
			<control type="group">
				<posx>105</posx>
				<posy>90</posy>
				<control type="group" description="Slider and List">
					<include>LargeListItemCount</include>
					<posx>0</posx>
					<posy>60</posy>
					<control type="list" id="12" description="CHANNELS">
						<viewtype label="19031">list</viewtype>
						<posx>0</posx>
						<posy>0</posy>
						<width>1702</width>
						<height>888</height>
						<onleft>101</onleft>
						<onright>76</onright>
						<onup>12</onup>
						<ondown>12</ondown>
						<pagecontrol>76</pagecontrol>
						<focusposition>3</focusposition>
						<movement>4</movement>
						<itemlayout width="1702" height="111">
							<control type="image">
								<posx>0</posx>
								<posy>0</posy>
								<height>111</height>
								<width>1702</width>
								<texture flipy="true" border="3">img/ListNF.png</texture>
							</control>
							<control type="label" description="Number">
								<posx>0</posx>
								<posy>12</posy>
								<height>46</height>
								<width>135</width>
								<textcolor>Grey</textcolor>
								<align>center</align>
								<aligny>center</aligny>
								<font>size17</font>
								<label>$INFO[ListItem.StartTime]</label>
							</control>
							<control type="label" description="Number">
								<posx>0</posx>
								<posy>51</posy>
								<height>46</height>
								<width>135</width>
								<textcolor>Grey</textcolor>
								<align>center</align>
								<aligny>center</aligny>
								<font>size17</font>
								<label>$INFO[ListItem.EndTime]</label>
							</control>
							<include>RecOverlay</include>
							<control type="label" description="Main Label">
								<posx>165</posx>
								<width>1425</width>
								<font>size22</font>
								<include>51MainLabel</include>
								<label>[COLOR=Grey2]$INFO[ListItem.ChannelNumberLabel,,. ]$INFO[ListItem.ChannelName][/COLOR]$INFO[ListItem.Label, - ]</label>
							</control>
							<control type="label" description="Label2">
								<posx>165</posx>
								<width>1425</width>
								<include>51Label2</include>
								<label fallback="31979">$INFO[ListItem.Plot]</label>
							</control>
							<control type="image">
								<posx>1610</posx>
								<posy>18</posy>
								<width>75</width>
								<height>75</height>
								<aspectratio>keep</aspectratio>
								<texture>$INFO[ListItem.Thumb]</texture>
							</control>
						</itemlayout>
						<focusedlayout width="1702" height="111">
							<control type="label" description="Number">
								<posx>0</posx>
								<posy>12</posy>
								<height>46</height>
								<width>135</width>
								<textcolor>White2</textcolor>
								<align>center</align>
								<aligny>center</aligny>
								<font>size17</font>
								<label>$INFO[ListItem.StartTime]</label>
							</control>
							<control type="label" description="Number">
								<posx>0</posx>
								<posy>51</posy>
								<height>46</height>
								<width>135</width>
								<textcolor>White2</textcolor>
								<align>center</align>
								<aligny>center</aligny>
								<font>size17</font>
								<label>$INFO[ListItem.EndTime]</label>
							</control>
							<control type="label" description="Main Label">
								<posx>165</posx>
								<width>1425</width>
								<font>size22</font>
								<include>51MainLabelFO</include>
								<label>[COLOR=Grey2]$INFO[ListItem.ChannelNumberLabel,,. ]$INFO[ListItem.ChannelName][/COLOR]$INFO[ListItem.Label, - ]</label>
							</control>
							<control type="label" description="Label2">
								<posx>165</posx>
								<width>1425</width>
								<include>51Label2FO</include>
								<label fallback="31979">$INFO[ListItem.Plot]</label>
							</control>
							<control type="image">
								<posx>1620</posx>
								<posy>18</posy>
								<width>75</width>
								<height>75</height>
								<aspectratio>keep</aspectratio>
								<texture>$INFO[ListItem.Thumb]</texture>
							</control>
						</focusedlayout>
					</control>
					<control type="group" description="Slider">
						<animation condition="Control.HasFocus(60)" effect="slide" start="0,0" end="960,540" time="300" reversible="true">Conditional</animation>
						<animation condition="Control.HasFocus(60)" effect="zoom" start="100" end="0" time="300" reversible="true">Conditional</animation>
						<control type="image">
							<animation effect="fade" time="100">VisibleChange</animation>
							<posx>-24</posx>
							<posy>315</posy>
							<width>1749</width>
							<height>144</height>
							<texture border="26">img/MediaButton2.png</texture>
							<aspectratio>stretch</aspectratio>
						</control>
						<animation condition="Container.Position(0)" effect="slide" start="0,0" end="0,-333" time="180" easing="inout" reversible="true">Conditional</animation>
						<animation condition="Container.Position(1)" effect="slide" start="0,0" end="0,-222" time="180" easing="inout" reversible="true">Conditional</animation>
						<animation condition="Container.Position(2)" effect="slide" start="0,0" end="0,-111" time="180" easing="inout" reversible="true">Conditional</animation>
						<animation condition="Container.Position(3)" effect="slide" start="0,0" end="0,0" time="180" easing="inout" reversible="true">Conditional</animation>
						<animation condition="Container.Position(4)" effect="slide" start="0,0" end="0,111" time="180" easing="inout" reversible="true">Conditional</animation>
						<animation condition="Container.Position(5)" effect="slide" start="0,0" end="0,222" time="180" easing="inout" reversible="true">Conditional</animation>
						<animation condition="Container.Position(6)" effect="slide" start="0,0" end="0,333" time="180" easing="inout" reversible="true">Conditional</animation>
						<animation condition="Container.Position(7)" effect="slide" start="0,0" end="0,444" time="180" easing="inout" reversible="true">Conditional</animation>
						<animation condition="Container.Position(8)" effect="slide" start="0,0" end="0,555" time="180" easing="inout" reversible="true">Conditional</animation>
					</control>
				</control>
			</control>
		</control>
	</include>
	<!-- ID: 13 -->
	<!-- EPG CHANNEL -->
	<include name="LiveTVGuideChannelView">
		<control type="group" description="TV Guide Channel">
			<visible>Control.IsVisible(13)</visible>
			<include>VisibleFadeEffect</include>
			<control type="group" description="INFO">
				<posx>105</posx>
				<posy>105</posy>
				<control type="label" description="Channel">
					<posx>15</posx>
					<posy>6</posy>
					<width>900</width>
					<height>45</height>
					<font>size22B</font>
					<textcolor>White2</textcolor>
					<align>left</align>
					<aligny>center</aligny>
					<label>$INFO[ListItem.ChannelName] [COLOR=Grey]$INFO[ListItem.ChannelNumberLabel,(,)][/COLOR]</label>
				</control>
				<control type="image">
					<posx>1335</posx>
					<posy>-6</posy>
					<width>360</width>
					<height>57</height>
					<aspectratio align="right">keep</aspectratio>
					<aligny>center</aligny>
					<texture>$INFO[ListItem.Icon]</texture>
				</control>
				<control type="group">
					<posx>0</posx>
					<posy>0</posy>
					<control type="group" description="Slider and List">
						<include>LargeListItemCount</include>
						<posx>0</posx>
						<posy>60</posy>
						<control type="list" id="13">
							<viewtype label="19029">list</viewtype>
							<posx>0</posx>
							<posy>0</posy>
							<width>1702</width>
							<height>882</height>
							<onleft>101</onleft>
							<onright>76</onright>
							<onup>13</onup>
							<ondown>13</ondown>
							<pagecontrol>76</pagecontrol>
							<focusposition>3</focusposition>
							<movement>3</movement>
							<scrolltime tween="sine" easing="inout">280</scrolltime>
							<itemlayout width="1702" height="126">
								<control type="image">
									<posx>0</posx>
									<posy>0</posy>
									<height>126</height>
									<width>1702</width>
									<texture flipy="true" border="3">img/ListNF.png</texture>
								</control>
								<control type="label" description="Number">
									<posx>0</posx>
									<posy>6</posy>
									<height>63</height>
									<width>255</width>
									<textcolor>Grey</textcolor>
									<align>center</align>
									<aligny>center</aligny>
									<font>size17</font>
									<label>$INFO[ListItem.Duration,$LOCALIZE[31978]: ]</label>
								</control>
								<control type="label">
									<posx>0</posx>
									<posy>57</posy>
									<height>63</height>
									<width>255</width>
									<textcolor>Grey</textcolor>
									<align>center</align>
									<aligny>center</aligny>
									<font>size17</font>
									<info>ListItem.Date</info>
								</control>
								<control type="label" description="Main Label">
									<posy>6</posy>
									<posx>315</posx>
									<height>63</height>
									<width>1350</width>
									<font>size22</font>
									<include>51MainLabel</include>
									<label>$INFO[ListItem.Label]</label>
								</control>
								<control type="label" description="Label2">
									<posy>57</posy>
									<posx>315</posx>
									<height>63</height>
									<width>1350</width>
									<include>51Label2</include>
									<label fallback="31979">$INFO[ListItem.Plot]</label>
								</control>
							</itemlayout>
							<focusedlayout width="1702" height="126">
								<control type="label" description="Number">
									<posx>0</posx>
									<posy>6</posy>
									<height>63</height>
									<width>255</width>
									<textcolor>White2</textcolor>
									<align>center</align>
									<aligny>center</aligny>
									<font>size17</font>
									<label>$INFO[ListItem.Duration,$LOCALIZE[31978]: ]</label>
								</control>
								<control type="label">
									<posx>0</posx>
									<posy>57</posy>
									<height>63</height>
									<width>255</width>
									<textcolor>White2</textcolor>
									<align>center</align>
									<aligny>center</aligny>
									<font>size17</font>
									<info>ListItem.Date</info>
								</control>
								<control type="label" description="Main Label">
									<posy>6</posy>
									<posx>315</posx>
									<height>63</height>
									<width>1350</width>
									<font>size22</font>
									<include>51MainLabelFO</include>
									<label>$INFO[ListItem.Label]</label>
								</control>
								<control type="label" description="Label2">
									<posy>57</posy>
									<posx>315</posx>
									<height>63</height>
									<width>1350</width>
									<include>51Label2FO</include>
									<label fallback="31979">$INFO[ListItem.Plot]</label>
								</control>
							</focusedlayout>
						</control>
						<control type="group" description="Slider">
							<animation condition="Control.HasFocus(60)" effect="slide" start="0,0" end="960,540" time="300" reversible="true">Conditional</animation>
							<animation condition="Control.HasFocus(60)" effect="zoom" start="100" end="0" time="300" reversible="true">Conditional</animation>
							<control type="image">
								<animation effect="fade" time="100">VisibleChange</animation>
								<posx>-24</posx>
								<posy>366</posy>
								<width>1749</width>
								<height>153</height>
								<texture border="26">img/MediaButton2.png</texture>
								<aspectratio>stretch</aspectratio>
							</control>
							<animation condition="Container.Position(0)" effect="slide" start="0,0" end="0,-378" time="180" easing="inout" reversible="true">Conditional</animation>
							<animation condition="Container.Position(1)" effect="slide" start="0,0" end="0,-252" time="180" easing="inout" reversible="true">Conditional</animation>
							<animation condition="Container.Position(2)" effect="slide" start="0,0" end="0,-126" time="180" easing="inout" reversible="true">Conditional</animation>
							<animation condition="Container.Position(3)" effect="slide" start="0,0" end="0,0" time="180" easing="inout" reversible="true">Conditional</animation>
							<animation condition="Container.Position(4)" effect="slide" start="0,0" end="0,126" time="180" easing="inout" reversible="true">Conditional</animation>
							<animation condition="Container.Position(5)" effect="slide" start="0,0" end="0,252" time="180" easing="inout" reversible="true">Conditional</animation>
							<animation condition="Container.Position(6)" effect="slide" start="0,0" end="0,378" time="180" easing="inout" reversible="true">Conditional</animation>
							<animation condition="Container.Position(7)" effect="slide" start="0,0" end="0,504" time="180" easing="inout" reversible="true">Conditional</animation>
						</control>
					</control>
				</control>
			</control>
		</control>
	</include>
</includes>
